Workbook

Sheet Top 100 Ragas
A1: Rank | B1: Raga | C1: Type | D1: Melakarta no. (own / parent) | E1: Parent melakarta | F1: Arohanam | G1: Avarohanam | H1: Swaras in arohanam | I1: Swaras in avarohanam | J1: Arohanam class | K1: Avarohanam class | L1: Raga class | M1: Vakra? | N1: Usage band | O1: Scale source | P1: Confidence | Q1: Notes / flags | R1: Row no. in your sheet | S1: Expert verified?
A2: 1 | B2: Mayamalavagowla | C2: Melakarta | D2: 15 | E2: (is a melakarta) | F2: S R1 G3 M1 P D1 N3 S' | G2: S' N3 D1 P M1 G3 R1 S | H2: =1+ISNUMBER(SEARCH("R",F2))+ISNUMBER(SEARCH("G",F2))+ISNUMBER(SEARCH("M",F2))+ISNUMBER(SEARCH("P",F2))+ISNUMBER(SEARCH("D",F2))+ISNUMBER(SEARCH("N",F2)) -> 7 | I2: =1+ISNUMBER(SEARCH("R",G2))+ISNUMBER(SEARCH("G",G2))+ISNUMBER(SEARCH("M",G2))+ISNUMBER(SEARCH("P",G2))+ISNUMBER(SEARCH("D",G2))+ISNUMBER(SEARCH("N",G2)) -> 7 | J2: =IFERROR(CHOOSE(H2-3,"Svarantara","Audava","Shadava","Sampoorna"),"Other") -> Sampoorna | K2: =IFERROR(CHOOSE(I2-3,"Svarantara","Audava","Shadava","Sampoorna"),"Other") -> Sampoorna | L2: =J2&" - "&K2 -> Sampoorna - Sampoorna | M2: No | N2: A - Very common | O2: Your sheet (systematic) | P2: High | Q2: Mayamalavagowla | R2: 15
A3: 2 | B3: Mechakalyani | C3: Melakarta | D3: 65 | E3: (is a melakarta) | F3: S R2 G3 M2 P D2 N3 S' | G3: S' N3 D2 P M2 G3 R2 S | H3: =1+ISNUMBER(SEARCH("R",F3))+ISNUMBER(SEARCH("G",F3))+ISNUMBER(SEARCH("M",F3))+ISNUMBER(SEARCH("P",F3))+ISNUMBER(SEARCH("D",F3))+ISNUMBER(SEARCH("N",F3)) -> 7 | I3: =1+ISNUMBER(SEARCH("R",G3))+ISNUMBER(SEARCH("G",G3))+ISNUMBER(SEARCH("M",G3))+ISNUMBER(SEARCH("P",G3))+ISNUMBER(SEARCH("D",G3))+ISNUMBER(SEARCH("N",G3)) -> 7 | J3: =IFERROR(CHOOSE(H3-3,"Svarantara","Audava","Shadava","Sampoorna"),"Other") -> Sampoorna | K3: =IFERROR(CHOOSE(I3-3,"Svarantara","Audava","Shadava","Sampoorna"),"Other") -> Sampoorna | L3: =J3&" - "&K3 -> Sampoorna - Sampoorna | M3: No | N3: A - Very common | O3: Your sheet (systematic) | P3: High | Q3: Kalyani | R3: 65
A4: 3 | B4: Dheerasankarabharanam | C4: Melakarta | D4: 29 | E4: (is a melakarta) | F4: S R2 G3 M1 P D2 N3 S' | G4: S' N3 D2 P M1 G3 R2 S | H4: =1+ISNUMBER(SEARCH("R",F4))+ISNUMBER(SEARCH("G",F4))+ISNUMBER(SEARCH("M",F4))+ISNUMBER(SEARCH("P",F4))+ISNUMBER(SEARCH("D",F4))+ISNUMBER(SEARCH("N",F4)) -> 7 | I4: =1+ISNUMBER(SEARCH("R",G4))+ISNUMBER(SEARCH("G",G4))+ISNUMBER(SEARCH("M",G4))+ISNUMBER(SEARCH("P",G4))+ISNUMBER(SEARCH("D",G4))+ISNUMBER(SEARCH("N",G4)) -> 7 | J4: =IFERROR(CHOOSE(H4-3,"Svarantara","Audava","Shadava","Sampoorna"),"Other") -> Sampoorna | K4: =IFERROR(CHOOSE(I4-3,"Svarantara","Audava","Shadava","Sampoorna"),"Other") -> Sampoorna | L4: =J4&" - "&K4 -> Sampoorna - Sampoorna | M4: No | N4: A - Very common | O4: Your sheet (systematic) | P4: High | Q4: Sankarabharanam | R4: 29
A5: 4 | B5: Kharaharapriya | C5: Melakarta | D5: 22 | E5: (is a melakarta) | F5: S R2 G2 M1 P D2 N2 S' | G5: S' N2 D2 P M1 G2 R2 S | H5: =1+ISNUMBER(SEARCH("R",F5))+ISNUMBER(SEARCH("G",F5))+ISNUMBER(SEARCH("M",F5))+ISNUMBER(SEARCH("P",F5))+ISNUMBER(SEARCH("D",F5))+ISNUMBER(SEARCH("N",F5)) -> 7 | I5: =1+ISNUMBER(SEARCH("R",G5))+ISNUMBER(SEARCH("G",G5))+ISNUMBER(SEARCH("M",G5))+ISNUMBER(SEARCH("P",G5))+ISNUMBER(SEARCH("D",G5))+ISNUMBER(SEARCH("N",G5)) -> 7 | J5: =IFERROR(CHOOSE(H5-3,"Svarantara","Audava","Shadava","Sampoorna"),"Other") -> Sampoorna | K5: =IFERROR(CHOOSE(I5-3,"Svarantara","Audava","Shadava","Sampoorna"),"Other") -> Sampoorna | L5: =J5&" - "&K5 -> Sampoorna - Sampoorna | M5: No | N5: A - Very common | O5: Your sheet (systematic) | P5: High | Q5: Kharaharapriya | R5: 22
A6: 5 | B6: Hanumatodi | C6: Melakarta | D6: 8 | E6: (is a melakarta) | F6: S R1 G2 M1 P D1 N2 S' | G6: S' N2 D1 P M1 G2 R1 S | H6: =1+ISNUMBER(SEARCH("R",F6))+ISNUMBER(SEARCH("G",F6))+ISNUMBER(SEARCH("M",F6))+ISNUMBER(SEARCH("P",F6))+ISNUMBER(SEARCH("D",F6))+ISNUMBER(SEARCH("N",F6)) -> 7 | I6: =1+ISNUMBER(SEARCH("R",G6))+ISNUMBER(SEARCH("G",G6))+ISNUMBER(SEARCH("M",G6))+ISNUMBER(SEARCH("P",G6))+ISNUMBER(SEARCH("D",G6))+ISNUMBER(SEARCH("N",G6)) -> 7 | J6: =IFERROR(CHOOSE(H6-3,"Svarantara","Audava","Shadava","Sampoorna"),"Other") -> Sampoorna | K6: =IFERROR(CHOOSE(I6-3,"Svarantara","Audava","Shadava","Sampoorna"),"Other") -> Sampoorna | L6: =J6&" - "&K6 -> Sampoorna - Sampoorna | M6: No | N6: A - Very common | O6: Your sheet (systematic) | P6: High | Q6: Todi | R6: 8
A7: 6 | B7: Harikambhoji | C7: Melakarta | D7: 28 | E7: (is a melakarta) | F7: S R2 G3 M1 P D2 N2 S' | G7: S' N2 D2 P M1 G3 R2 S | H7: =1+ISNUMBER(SEARCH("R",F7))+ISNUMBER(SEARCH("G",F7))+ISNUMBER(SEARCH("M",F7))+ISNUMBER(SEARCH("P",F7))+ISNUMBER(SEARCH("D",F7))+ISNUMBER(SEARCH("N",F7)) -> 7 | I7: =1+ISNUMBER(SEARCH("R",G7))+ISNUMBER(SEARCH("G",G7))+ISNUMBER(SEARCH("M",G7))+ISNUMBER(SEARCH("P",G7))+ISNUMBER(SEARCH("D",G7))+ISNUMBER(SEARCH("N",G7)) -> 7 | J7: =IFERROR(CHOOSE(H7-3,"Svarantara","Audava","Shadava","Sampoorna"),"Other") -> Sampoorna | K7: =IFERROR(CHOOSE(I7-3,"Svarantara","Audava","Shadava","Sampoorna"),"Other") -> Sampoorna | L7: =J7&" - "&K7 -> Sampoorna - Sampoorna | M7: No | N7: A - Very common | O7: Your sheet (systematic) | P7: High | Q7: Kambhoji family parent | R7: 28
A8: 7 | B8: Bhairavi | C8: Janya | D8: 20 | E8: 20 - Natabhairavi | F8: S R2 G2 M1 P D1 N2 S' | G8: S' N2 D1 P M1 G2 R2 S | H8: =1+ISNUMBER(SEARCH("R",F8))+ISNUMBER(SEARCH("G",F8))+ISNUMBER(SEARCH("M",F8))+ISNUMBER(SEARCH("P",F8))+ISNUMBER(SEARCH("D",F8))+ISNUMBER(SEARCH("N",F8)) -> 7 | I8: =1+ISNUMBER(SEARCH("R",G8))+ISNUMBER(SEARCH("G",G8))+ISNUMBER(SEARCH("M",G8))+ISNUMBER(SEARCH("P",G8))+ISNUMBER(SEARCH("D",G8))+ISNUMBER(SEARCH("N",G8)) -> 7 | J8: =IFERROR(CHOOSE(H8-3,"Svarantara","Audava","Shadava","Sampoorna"),"Other") -> Sampoorna | K8: =IFERROR(CHOOSE(I8-3,"Svarantara","Audava","Shadava","Sampoorna"),"Other") -> Sampoorna | L8: =J8&" - "&K8 -> Sampoorna - Sampoorna | M8: No | N8: A - Very common | O8: Your sheet | P8: High | Q8: Your sheet gives the plain Natabhairavi scale. In practice it is sung vakra (S G2 R2 G2 M1 P D1 N2 S') and bhashanga. Class is unchanged. | R8: 100
A9: 8 | B9: Mohanam | C9: Janya | D9: 28 | E9: 28 - Harikambhoji | F9: S R2 G3 P D2 S' | G9: S' D2 P G3 R2 S | H9: =1+ISNUMBER(SEARCH("R",F9))+ISNUMBER(SEARCH("G",F9))+ISNUMBER(SEARCH("M",F9))+ISNUMBER(SEARCH("P",F9))+ISNUMBER(SEARCH("D",F9))+ISNUMBER(SEARCH("N",F9)) -> 5 | I9: =1+ISNUMBER(SEARCH("R",G9))+ISNUMBER(SEARCH("G",G9))+ISNUMBER(SEARCH("M",G9))+ISNUMBER(SEARCH("P",G9))+ISNUMBER(SEARCH("D",G9))+ISNUMBER(SEARCH("N",G9)) -> 5 | J9: =IFERROR(CHOOSE(H9-3,"Svarantara","Audava","Shadava","Sampoorna"),"Other") -> Audava | K9: =IFERROR(CHOOSE(I9-3,"Svarantara","Audava","Shadava","Sampoorna"),"Other") -> Audava | L9: =J9&" - "&K9 -> Audava - Audava | M9: No | N9: A - Very common | O9: Your sheet | P9: High | R9: 134
A10: 9 | B10: Kambhoji | C10: Janya | D10: 28 | E10: 28 - Harikambhoji | F10: S R2 G3 M1 P D2 S' | G10: S' N2 D2 P M1 G3 R2 S | H10: =1+ISNUMBER(SEARCH("R",F10))+ISNUMBER(SEARCH("G",F10))+ISNUMBER(SEARCH("M",F10))+ISNUMBER(SEARCH("P",F10))+ISNUMBER(SEARCH("D",F10))+ISNUMBER(SEARCH("N",F10)) -> 6 | I10: =1+ISNUMBER(SEARCH("R",G10))+ISNUMBER(SEARCH("G",G10))+ISNUMBER(SEARCH("M",G10))+ISNUMBER(SEARCH("P",G10))+ISNUMBER(SEARCH("D",G10))+ISNUMBER(SEARCH("N",G10)) -> 7 | J10: =IFERROR(CHOOSE(H10-3,"Svarantara","Audava","Shadava","Sampoorna"),"Other") -> Shadava | K10: =IFERROR(CHOOSE(I10-3,"Svarantara","Audava","Shadava","Sampoorna"),"Other") -> Sampoorna | L10: =J10&" - "&K10 -> Shadava - Sampoorna | M10: No | N10: A - Very common | O10: Your sheet | P10: High | Q10: Bhashanga (N3 anya swara) and vakra phrases in practice. | R10: 123
A11: 10 | B11: Shanmukhapriya | C11: Melakarta | D11: 56 | E11: (is a melakarta) | F11: S R2 G2 M2 P D1 N2 S' | G11: S' N2 D1 P M2 G2 R2 S | H11: =1+ISNUMBER(SEARCH("R",F11))+ISNUMBER(SEARCH("G",F11))+ISNUMBER(SEARCH("M",F11))+ISNUMBER(SEARCH("P",F11))+ISNUMBER(SEARCH("D",F11))+ISNUMBER(SEARCH("N",F11)) -> 7 | I11: =1+ISNUMBER(SEARCH("R",G11))+ISNUMBER(SEARCH("G",G11))+ISNUMBER(SEARCH("M",G11))+ISNUMBER(SEARCH("P",G11))+ISNUMBER(SEARCH("D",G11))+ISNUMBER(SEARCH("N",G11)) -> 7 | J11: =IFERROR(CHOOSE(H11-3,"Svarantara","Audava","Shadava","Sampoorna"),"Other") -> Sampoorna | K11: =IFERROR(CHOOSE(I11-3,"Svarantara","Audava","Shadava","Sampoorna"),"Other") -> Sampoorna | L11: =J11&" - "&K11 -> Sampoorna - Sampoorna | M11: No | N11: A - Very common | O11: Your sheet (systematic) | P11: High | Q11: Shanmukhapriya | R11: 56
A12: 11 | B12: Charukesi | C12: Melakarta | D12: 26 | E12: (is a melakarta) | F12: S R2 G3 M1 P D1 N2 S' | G12: S' N2 D1 P M1 G3 R2 S | H12: =1+ISNUMBER(SEARCH("R",F12))+ISNUMBER(SEARCH("G",F12))+ISNUMBER(SEARCH("M",F12))+ISNUMBER(SEARCH("P",F12))+ISNUMBER(SEARCH("D",F12))+ISNUMBER(SEARCH("N",F12)) -> 7 | I12: =1+ISNUMBER(SEARCH("R",G12))+ISNUMBER(SEARCH("G",G12))+ISNUMBER(SEARCH("M",G12))+ISNUMBER(SEARCH("P",G12))+ISNUMBER(SEARCH("D",G12))+ISNUMBER(SEARCH("N",G12)) -> 7 | J12: =IFERROR(CHOOSE(H12-3,"Svarantara","Audava","Shadava","Sampoorna"),"Other") -> Sampoorna | K12: =IFERROR(CHOOSE(I12-3,"Svarantara","Audava","Shadava","Sampoorna"),"Other") -> Sampoorna | L12: =J12&" - "&K12 -> Sampoorna - Sampoorna | M12: No | N12: A - Very common | O12: Your sheet (systematic) | P12: High | Q12: Charukesi | R12: 26
A13: 12 | B13: Natabhairavi | C13: Melakarta | D13: 20 | E13: (is a melakarta) | F13: S R2 G2 M1 P D1 N2 S' | G13: S' N2 D1 P M1 G2 R2 S | H13: =1+ISNUMBER(SEARCH("R",F13))+ISNUMBER(SEARCH("G",F13))+ISNUMBER(SEARCH("M",F13))+ISNUMBER(SEARCH("P",F13))+ISNUMBER(SEARCH("D",F13))+ISNUMBER(SEARCH("N",F13)) -> 7 | I13: =1+ISNUMBER(SEARCH("R",G13))+ISNUMBER(SEARCH("G",G13))+ISNUMBER(SEARCH("M",G13))+ISNUMBER(SEARCH("P",G13))+ISNUMBER(SEARCH("D",G13))+ISNUMBER(SEARCH("N",G13)) -> 7 | J13: =IFERROR(CHOOSE(H13-3,"Svarantara","Audava","Shadava","Sampoorna"),"Other") -> Sampoorna | K13: =IFERROR(CHOOSE(I13-3,"Svarantara","Audava","Shadava","Sampoorna"),"Other") -> Sampoorna | L13: =J13&" - "&K13 -> Sampoorna - Sampoorna | M13: No | N13: A - Very common | O13: Your sheet (systematic) | P13: High | Q13: Natabhairavi (parent of Bhairavi) | R13: 20
A14: 13 | B14: Keeravani | C14: Melakarta | D14: 21 | E14: (is a melakarta) | F14: S R2 G2 M1 P D1 N3 S' | G14: S' N3 D1 P M1 G2 R2 S | H14: =1+ISNUMBER(SEARCH("R",F14))+ISNUMBER(SEARCH("G",F14))+ISNUMBER(SEARCH("M",F14))+ISNUMBER(SEARCH("P",F14))+ISNUMBER(SEARCH("D",F14))+ISNUMBER(SEARCH("N",F14)) -> 7 | I14: =1+ISNUMBER(SEARCH("R",G14))+ISNUMBER(SEARCH("G",G14))+ISNUMBER(SEARCH("M",G14))+ISNUMBER(SEARCH("P",G14))+ISNUMBER(SEARCH("D",G14))+ISNUMBER(SEARCH("N",G14)) -> 7 | J14: =IFERROR(CHOOSE(H14-3,"Svarantara","Audava","Shadava","Sampoorna"),"Other") -> Sampoorna | K14: =IFERROR(CHOOSE(I14-3,"Svarantara","Audava","Shadava","Sampoorna"),"Other") -> Sampoorna | L14: =J14&" - "&K14 -> Sampoorna - Sampoorna | M14: No | N14: A - Very common | O14: Your sheet (systematic) | P14: High | R14: 21
A15: 14 | B15: Begada | C15: Janya | D15: 29 | E15: 29 - Dheerasankarabharanam | F15: S G3 R2 G3 M1 P D2 P S' | G15: S' N3 D2 P M1 G3 R2 S | H15: =1+ISNUMBER(SEARCH("R",F15))+ISNUMBER(SEARCH("G",F15))+ISNUMBER(SEARCH("M",F15))+ISNUMBER(SEARCH("P",F15))+ISNUMBER(SEARCH("D",F15))+ISNUMBER(SEARCH("N",F15)) -> 6 | I15: =1+ISNUMBER(SEARCH("R",G15))+ISNUMBER(SEARCH("G",G15))+ISNUMBER(SEARCH("M",G15))+ISNUMBER(SEARCH("P",G15))+ISNUMBER(SEARCH("D",G15))+ISNUMBER(SEARCH("N",G15)) -> 7 | J15: =IFERROR(CHOOSE(H15-3,"Svarantara","Audava","Shadava","Sampoorna"),"Other") -> Shadava | K15: =IFERROR(CHOOSE(I15-3,"Svarantara","Audava","Shadava","Sampoorna"),"Other") -> Sampoorna | L15: =J15&" - "&K15 -> Shadava - Sampoorna | M15: Yes | N15: A - Very common | O15: Wikipedia - List of Janya ragas | P15: High | Q15: Vakra ascent. | R15: 154
A16: 15 | B16: Bilahari | C16: Janya | D16: 29 | E16: 29 - Dheerasankarabharanam | F16: S R2 G3 P D2 S' | G16: S' N3 D2 P M1 G3 R2 S | H16: =1+ISNUMBER(SEARCH("R",F16))+ISNUMBER(SEARCH("G",F16))+ISNUMBER(SEARCH("M",F16))+ISNUMBER(SEARCH("P",F16))+ISNUMBER(SEARCH("D",F16))+ISNUMBER(SEARCH("N",F16)) -> 5 | I16: =1+ISNUMBER(SEARCH("R",G16))+ISNUMBER(SEARCH("G",G16))+ISNUMBER(SEARCH("M",G16))+ISNUMBER(SEARCH("P",G16))+ISNUMBER(SEARCH("D",G16))+ISNUMBER(SEARCH("N",G16)) -> 7 | J16: =IFERROR(CHOOSE(H16-3,"Svarantara","Audava","Shadava","Sampoorna"),"Other") -> Audava | K16: =IFERROR(CHOOSE(I16-3,"Svarantara","Audava","Shadava","Sampoorna"),"Other") -> Sampoorna | L16: =J16&" - "&K16 -> Audava - Sampoorna | M16: No | N16: A - Very common | O16: Your sheet | P16: High | Q16: Bhashanga (N2 anya swara). | R16: 140
A17: 16 | B17: Hamsadhwani | C17: Janya | D17: 29 | E17: 29 - Dheerasankarabharanam | F17: S R2 G3 P N3 S' | G17: S' N3 P G3 R2 S | H17: =1+ISNUMBER(SEARCH("R",F17))+ISNUMBER(SEARCH("G",F17))+ISNUMBER(SEARCH("M",F17))+ISNUMBER(SEARCH("P",F17))+ISNUMBER(SEARCH("D",F17))+ISNUMBER(SEARCH("N",F17)) -> 5 | I17: =1+ISNUMBER(SEARCH("R",G17))+ISNUMBER(SEARCH("G",G17))+ISNUMBER(SEARCH("M",G17))+ISNUMBER(SEARCH("P",G17))+ISNUMBER(SEARCH("D",G17))+ISNUMBER(SEARCH("N",G17)) -> 5 | J17: =IFERROR(CHOOSE(H17-3,"Svarantara","Audava","Shadava","Sampoorna"),"Other") -> Audava | K17: =IFERROR(CHOOSE(I17-3,"Svarantara","Audava","Shadava","Sampoorna"),"Other") -> Audava | L17: =J17&" - "&K17 -> Audava - Audava | M17: No | N17: A - Very common | O17: Your sheet | P17: High | R17: 141
A18: 17 | B18: Saveri | C18: Janya | D18: 15 | E18: 15 - Mayamalavagowla | F18: S R1 M1 P D1 S' | G18: S' N2 D1 P M1 G3 R1 S | H18: =1+ISNUMBER(SEARCH("R",F18))+ISNUMBER(SEARCH("G",F18))+ISNUMBER(SEARCH("M",F18))+ISNUMBER(SEARCH("P",F18))+ISNUMBER(SEARCH("D",F18))+ISNUMBER(SEARCH("N",F18)) -> 5 | I18: =1+ISNUMBER(SEARCH("R",G18))+ISNUMBER(SEARCH("G",G18))+ISNUMBER(SEARCH("M",G18))+ISNUMBER(SEARCH("P",G18))+ISNUMBER(SEARCH("D",G18))+ISNUMBER(SEARCH("N",G18)) -> 7 | J18: =IFERROR(CHOOSE(H18-3,"Svarantara","Audava","Shadava","Sampoorna"),"Other") -> Audava | K18: =IFERROR(CHOOSE(I18-3,"Svarantara","Audava","Shadava","Sampoorna"),"Other") -> Sampoorna | L18: =J18&" - "&K18 -> Audava - Sampoorna | M18: No | N18: A - Very common | O18: Your sheet | P18: High | Q18: Descent uses N2 per your sheet; some sources give N3. | R18: 90
A19: 18 | B19: Madhyamavati | C19: Janya | D19: 22 | E19: 22 - Kharaharapriya | F19: S R2 M1 P N2 S' | G19: S' N2 P M1 R2 S | H19: =1+ISNUMBER(SEARCH("R",F19))+ISNUMBER(SEARCH("G",F19))+ISNUMBER(SEARCH("M",F19))+ISNUMBER(SEARCH("P",F19))+ISNUMBER(SEARCH("D",F19))+ISNUMBER(SEARCH("N",F19)) -> 5 | I19: =1+ISNUMBER(SEARCH("R",G19))+ISNUMBER(SEARCH("G",G19))+ISNUMBER(SEARCH("M",G19))+ISNUMBER(SEARCH("P",G19))+ISNUMBER(SEARCH("D",G19))+ISNUMBER(SEARCH("N",G19)) -> 5 | J19: =IFERROR(CHOOSE(H19-3,"Svarantara","Audava","Shadava","Sampoorna"),"Other") -> Audava | K19: =IFERROR(CHOOSE(I19-3,"Svarantara","Audava","Shadava","Sampoorna"),"Other") -> Audava | L19: =J19&" - "&K19 -> Audava - Audava | M19: No | N19: A - Very common | O19: Your sheet | P19: High | R19: 113
A20: 19 | B20: Anandabhairavi | C20: Janya | D20: 20 | E20: 20 - Natabhairavi | F20: S G2 R2 G2 M1 P D1 P S' | G20: S' N2 D1 P M1 G2 R2 S | H20: =1+ISNUMBER(SEARCH("R",F20))+ISNUMBER(SEARCH("G",F20))+ISNUMBER(SEARCH("M",F20))+ISNUMBER(SEARCH("P",F20))+ISNUMBER(SEARCH("D",F20))+ISNUMBER(SEARCH("N",F20)) -> 6 | I20: =1+ISNUMBER(SEARCH("R",G20))+ISNUMBER(SEARCH("G",G20))+ISNUMBER(SEARCH("M",G20))+ISNUMBER(SEARCH("P",G20))+ISNUMBER(SEARCH("D",G20))+ISNUMBER(SEARCH("N",G20)) -> 7 | J20: =IFERROR(CHOOSE(H20-3,"Svarantara","Audava","Shadava","Sampoorna"),"Other") -> Shadava | K20: =IFERROR(CHOOSE(I20-3,"Svarantara","Audava","Shadava","Sampoorna"),"Other") -> Sampoorna | L20: =J20&" - "&K20 -> Shadava - Sampoorna | M20: Yes | N20: A - Very common | O20: Wikipedia list, adapted to parent 20 | P20: Check | Q20: Vakra; no Nishadam in the ascent. Wikipedia writes D2 (with G3, D1, N3 as anya swaras); the dhaivatam varies by source. | R20: 101
A21: 20 | B21: Hindolam | C21: Janya | D21: 20 | E21: 20 - Natabhairavi | F21: S G2 M1 D1 N2 S' | G21: S' N2 D1 M1 G2 S | H21: =1+ISNUMBER(SEARCH("R",F21))+ISNUMBER(SEARCH("G",F21))+ISNUMBER(SEARCH("M",F21))+ISNUMBER(SEARCH("P",F21))+ISNUMBER(SEARCH("D",F21))+ISNUMBER(SEARCH("N",F21)) -> 5 | I21: =1+ISNUMBER(SEARCH("R",G21))+ISNUMBER(SEARCH("G",G21))+ISNUMBER(SEARCH("M",G21))+ISNUMBER(SEARCH("P",G21))+ISNUMBER(SEARCH("D",G21))+ISNUMBER(SEARCH("N",G21)) -> 5 | J21: =IFERROR(CHOOSE(H21-3,"Svarantara","Audava","Shadava","Sampoorna"),"Other") -> Audava | K21: =IFERROR(CHOOSE(I21-3,"Svarantara","Audava","Shadava","Sampoorna"),"Other") -> Audava | L21: =J21&" - "&K21 -> Audava - Audava | M21: No | N21: A - Very common | O21: Your sheet | P21: High | R21: 102
A22: 21 | B22: Sahana | C22: Janya | D22: 28 | E22: 28 - Harikambhoji | F22: S R2 G3 M1 P M1 D2 N2 S' | G22: S' N2 D2 P M1 G3 M1 R2 G3 R2 S | H22: =1+ISNUMBER(SEARCH("R",F22))+ISNUMBER(SEARCH("G",F22))+ISNUMBER(SEARCH("M",F22))+ISNUMBER(SEARCH("P",F22))+ISNUMBER(SEARCH("D",F22))+ISNUMBER(SEARCH("N",F22)) -> 7 | I22: =1+ISNUMBER(SEARCH("R",G22))+ISNUMBER(SEARCH("G",G22))+ISNUMBER(SEARCH("M",G22))+ISNUMBER(SEARCH("P",G22))+ISNUMBER(SEARCH("D",G22))+ISNUMBER(SEARCH("N",G22)) -> 7 | J22: =IFERROR(CHOOSE(H22-3,"Svarantara","Audava","Shadava","Sampoorna"),"Other") -> Sampoorna | K22: =IFERROR(CHOOSE(I22-3,"Svarantara","Audava","Shadava","Sampoorna"),"Other") -> Sampoorna | L22: =J22&" - "&K22 -> Sampoorna - Sampoorna | M22: Yes | N22: A - Very common | O22: Wikipedia list (simplified) | P22: High | Q22: Vakra; bhashanga (G3 anya swara). | R22: 126
A23: 22 | B23: Kapi | C23: Janya | D23: 22 | E23: 22 - Kharaharapriya | F23: S R2 M1 P N3 S' | G23: S' N2 D2 N2 P M1 G2 R2 S | H23: =1+ISNUMBER(SEARCH("R",F23))+ISNUMBER(SEARCH("G",F23))+ISNUMBER(SEARCH("M",F23))+ISNUMBER(SEARCH("P",F23))+ISNUMBER(SEARCH("D",F23))+ISNUMBER(SEARCH("N",F23)) -> 5 | I23: =1+ISNUMBER(SEARCH("R",G23))+ISNUMBER(SEARCH("G",G23))+ISNUMBER(SEARCH("M",G23))+ISNUMBER(SEARCH("P",G23))+ISNUMBER(SEARCH("D",G23))+ISNUMBER(SEARCH("N",G23)) -> 7 | J23: =IFERROR(CHOOSE(H23-3,"Svarantara","Audava","Shadava","Sampoorna"),"Other") -> Audava | K23: =IFERROR(CHOOSE(I23-3,"Svarantara","Audava","Shadava","Sampoorna"),"Other") -> Sampoorna | L23: =J23&" - "&K23 -> Audava - Sampoorna | M23: Yes | N23: A - Very common | O23: Wikipedia - List of Janya ragas | P23: High | Q23: Bhashanga (N3 in ascent); vakra descent. | R23: 111
A24: 23 | B24: Abhogi | C24: Janya | D24: 22 | E24: 22 - Kharaharapriya | F24: S R2 G2 M1 D2 S' | G24: S' D2 M1 G2 R2 S | H24: =1+ISNUMBER(SEARCH("R",F24))+ISNUMBER(SEARCH("G",F24))+ISNUMBER(SEARCH("M",F24))+ISNUMBER(SEARCH("P",F24))+ISNUMBER(SEARCH("D",F24))+ISNUMBER(SEARCH("N",F24)) -> 5 | I24: =1+ISNUMBER(SEARCH("R",G24))+ISNUMBER(SEARCH("G",G24))+ISNUMBER(SEARCH("M",G24))+ISNUMBER(SEARCH("P",G24))+ISNUMBER(SEARCH("D",G24))+ISNUMBER(SEARCH("N",G24)) -> 5 | J24: =IFERROR(CHOOSE(H24-3,"Svarantara","Audava","Shadava","Sampoorna"),"Other") -> Audava | K24: =IFERROR(CHOOSE(I24-3,"Svarantara","Audava","Shadava","Sampoorna"),"Other") -> Audava | L24: =J24&" - "&K24 -> Audava - Audava | M24: No | N24: A - Very common | O24: Your sheet | P24: High | R24: 120
A25: 24 | B25: Arabhi | C25: Janya | D25: 29 | E25: 29 - Dheerasankarabharanam | F25: S R2 M1 P D2 S' | G25: S' N3 D2 P M1 G3 R2 S | H25: =1+ISNUMBER(SEARCH("R",F25))+ISNUMBER(SEARCH("G",F25))+ISNUMBER(SEARCH("M",F25))+ISNUMBER(SEARCH("P",F25))+ISNUMBER(SEARCH("D",F25))+ISNUMBER(SEARCH("N",F25)) -> 5 | I25: =1+ISNUMBER(SEARCH("R",G25))+ISNUMBER(SEARCH("G",G25))+ISNUMBER(SEARCH("M",G25))+ISNUMBER(SEARCH("P",G25))+ISNUMBER(SEARCH("D",G25))+ISNUMBER(SEARCH("N",G25)) -> 7 | J25: =IFERROR(CHOOSE(H25-3,"Svarantara","Audava","Shadava","Sampoorna"),"Other") -> Audava | K25: =IFERROR(CHOOSE(I25-3,"Svarantara","Audava","Shadava","Sampoorna"),"Other") -> Sampoorna | L25: =J25&" - "&K25 -> Audava - Sampoorna | M25: No | N25: A - Very common | O25: Your sheet | P25: High | Q25: Vakra phrases in practice. | R25: 142
A26: 25 | B26: Atana | C26: Janya | D26: 29 | E26: 29 - Dheerasankarabharanam | F26: S R2 M1 P N2 S' | G26: S' N2 D2 P M1 G2 M1 R2 S | H26: =1+ISNUMBER(SEARCH("R",F26))+ISNUMBER(SEARCH("G",F26))+ISNUMBER(SEARCH("M",F26))+ISNUMBER(SEARCH("P",F26))+ISNUMBER(SEARCH("D",F26))+ISNUMBER(SEARCH("N",F26)) -> 5 | I26: =1+ISNUMBER(SEARCH("R",G26))+ISNUMBER(SEARCH("G",G26))+ISNUMBER(SEARCH("M",G26))+ISNUMBER(SEARCH("P",G26))+ISNUMBER(SEARCH("D",G26))+ISNUMBER(SEARCH("N",G26)) -> 7 | J26: =IFERROR(CHOOSE(H26-3,"Svarantara","Audava","Shadava","Sampoorna"),"Other") -> Audava | K26: =IFERROR(CHOOSE(I26-3,"Svarantara","Audava","Shadava","Sampoorna"),"Other") -> Sampoorna | L26: =J26&" - "&K26 -> Audava - Sampoorna | M26: Yes | N26: A - Very common | O26: Wikipedia - List of Janya ragas | P26: High | Q26: Bhashanga: G2 and N2 are anya swaras. | R26: 144
A27: 26 | B27: Behag | C27: Janya | D27: 29 | E27: 29 - Dheerasankarabharanam | F27: S G3 M1 P N3 D2 N3 S' | G27: S' N3 D2 P M1 G3 R2 S | H27: =1+ISNUMBER(SEARCH("R",F27))+ISNUMBER(SEARCH("G",F27))+ISNUMBER(SEARCH("M",F27))+ISNUMBER(SEARCH("P",F27))+ISNUMBER(SEARCH("D",F27))+ISNUMBER(SEARCH("N",F27)) -> 6 | I27: =1+ISNUMBER(SEARCH("R",G27))+ISNUMBER(SEARCH("G",G27))+ISNUMBER(SEARCH("M",G27))+ISNUMBER(SEARCH("P",G27))+ISNUMBER(SEARCH("D",G27))+ISNUMBER(SEARCH("N",G27)) -> 7 | J27: =IFERROR(CHOOSE(H27-3,"Svarantara","Audava","Shadava","Sampoorna"),"Other") -> Shadava | K27: =IFERROR(CHOOSE(I27-3,"Svarantara","Audava","Shadava","Sampoorna"),"Other") -> Sampoorna | L27: =J27&" - "&K27 -> Shadava - Sampoorna | M27: Yes | N27: A - Very common | O27: Wikipedia - List of Janya ragas | P27: High | Q27: Bhashanga (M2 and N2 anya swaras); vakra ascent. | R27: 148
A28: 27 | B28: Sriranjani | C28: Janya | D28: 22 | E28: 22 - Kharaharapriya | F28: S R2 G2 M1 D2 N2 S' | G28: S' N2 D2 M1 G2 R2 S | H28: =1+ISNUMBER(SEARCH("R",F28))+ISNUMBER(SEARCH("G",F28))+ISNUMBER(SEARCH("M",F28))+ISNUMBER(SEARCH("P",F28))+ISNUMBER(SEARCH("D",F28))+ISNUMBER(SEARCH("N",F28)) -> 6 | I28: =1+ISNUMBER(SEARCH("R",G28))+ISNUMBER(SEARCH("G",G28))+ISNUMBER(SEARCH("M",G28))+ISNUMBER(SEARCH("P",G28))+ISNUMBER(SEARCH("D",G28))+ISNUMBER(SEARCH("N",G28)) -> 6 | J28: =IFERROR(CHOOSE(H28-3,"Svarantara","Audava","Shadava","Sampoorna"),"Other") -> Shadava | K28: =IFERROR(CHOOSE(I28-3,"Svarantara","Audava","Shadava","Sampoorna"),"Other") -> Shadava | L28: =J28&" - "&K28 -> Shadava - Shadava | M28: No | N28: A - Very common | O28: Your sheet | P28: High | R28: 115
A29: 28 | B29: Sriragam | C29: Janya | D29: 22 | E29: 22 - Kharaharapriya | F29: S R2 M1 P N2 S' | G29: S' N2 P D2 N2 P M1 R2 G2 R2 S | H29: =1+ISNUMBER(SEARCH("R",F29))+ISNUMBER(SEARCH("G",F29))+ISNUMBER(SEARCH("M",F29))+ISNUMBER(SEARCH("P",F29))+ISNUMBER(SEARCH("D",F29))+ISNUMBER(SEARCH("N",F29)) -> 5 | I29: =1+ISNUMBER(SEARCH("R",G29))+ISNUMBER(SEARCH("G",G29))+ISNUMBER(SEARCH("M",G29))+ISNUMBER(SEARCH("P",G29))+ISNUMBER(SEARCH("D",G29))+ISNUMBER(SEARCH("N",G29)) -> 7 | J29: =IFERROR(CHOOSE(H29-3,"Svarantara","Audava","Shadava","Sampoorna"),"Other") -> Audava | K29: =IFERROR(CHOOSE(I29-3,"Svarantara","Audava","Shadava","Sampoorna"),"Other") -> Sampoorna | L29: =J29&" - "&K29 -> Audava - Sampoorna | M29: Yes | N29: A - Very common | O29: Wikipedia - List of Janya ragas | P29: High | Q29: Vakra descent. | R29: 110
A30: 29 | B30: Dhanyasi | C30: Janya | D30: 8 | E30: 8 - Hanumatodi | F30: S G2 M1 P N2 S' | G30: S' N2 D1 P M1 G2 R1 S | H30: =1+ISNUMBER(SEARCH("R",F30))+ISNUMBER(SEARCH("G",F30))+ISNUMBER(SEARCH("M",F30))+ISNUMBER(SEARCH("P",F30))+ISNUMBER(SEARCH("D",F30))+ISNUMBER(SEARCH("N",F30)) -> 5 | I30: =1+ISNUMBER(SEARCH("R",G30))+ISNUMBER(SEARCH("G",G30))+ISNUMBER(SEARCH("M",G30))+ISNUMBER(SEARCH("P",G30))+ISNUMBER(SEARCH("D",G30))+ISNUMBER(SEARCH("N",G30)) -> 7 | J30: =IFERROR(CHOOSE(H30-3,"Svarantara","Audava","Shadava","Sampoorna"),"Other") -> Audava | K30: =IFERROR(CHOOSE(I30-3,"Svarantara","Audava","Shadava","Sampoorna"),"Other") -> Sampoorna | L30: =J30&" - "&K30 -> Audava - Sampoorna | M30: No | N30: A - Very common | O30: Wikipedia - raga article | P30: Check | Q30: Your sheet's avarohanam omits D1 (S' N2 P M1 G2 R1 S), which would make it Audava-Shadava. Wikipedia gives D1 and R1 in the descent (audava-sampurna). Confirm with the expert. | R30: 73
A31: 30 | B31: Abheri | C31: Janya | D31: 22 | E31: 22 - Kharaharapriya | F31: S G2 M1 P N2 S' | G31: S' N2 P M1 G2 R2 S | H31: =1+ISNUMBER(SEARCH("R",F31))+ISNUMBER(SEARCH("G",F31))+ISNUMBER(SEARCH("M",F31))+ISNUMBER(SEARCH("P",F31))+ISNUMBER(SEARCH("D",F31))+ISNUMBER(SEARCH("N",F31)) -> 5 | I31: =1+ISNUMBER(SEARCH("R",G31))+ISNUMBER(SEARCH("G",G31))+ISNUMBER(SEARCH("M",G31))+ISNUMBER(SEARCH("P",G31))+ISNUMBER(SEARCH("D",G31))+ISNUMBER(SEARCH("N",G31)) -> 6 | J31: =IFERROR(CHOOSE(H31-3,"Svarantara","Audava","Shadava","Sampoorna"),"Other") -> Audava | K31: =IFERROR(CHOOSE(I31-3,"Svarantara","Audava","Shadava","Sampoorna"),"Other") -> Shadava | L31: =J31&" - "&K31 -> Audava - Shadava | M31: No | N31: A - Very common | O31: Your sheet | P31: High | R31: 107
A32: 31 | B32: Mukhari | C32: Janya | D32: 22 | E32: 22 - Kharaharapriya | F32: S R2 M1 P N2 D2 S' | G32: S' N2 D1 P M1 G2 R2 S | H32: =1+ISNUMBER(SEARCH("R",F32))+ISNUMBER(SEARCH("G",F32))+ISNUMBER(SEARCH("M",F32))+ISNUMBER(SEARCH("P",F32))+ISNUMBER(SEARCH("D",F32))+ISNUMBER(SEARCH("N",F32)) -> 6 | I32: =1+ISNUMBER(SEARCH("R",G32))+ISNUMBER(SEARCH("G",G32))+ISNUMBER(SEARCH("M",G32))+ISNUMBER(SEARCH("P",G32))+ISNUMBER(SEARCH("D",G32))+ISNUMBER(SEARCH("N",G32)) -> 7 | J32: =IFERROR(CHOOSE(H32-3,"Svarantara","Audava","Shadava","Sampoorna"),"Other") -> Shadava | K32: =IFERROR(CHOOSE(I32-3,"Svarantara","Audava","Shadava","Sampoorna"),"Other") -> Sampoorna | L32: =J32&" - "&K32 -> Shadava - Sampoorna | M32: Yes | N32: A - Very common | O32: Wikipedia - List of Janya ragas | P32: Check | Q32: Vakra ascent. Sources differ on whether Dha is in the ascent; D1 in the descent is an anya swara. | R32: 108
A33: 32 | B33: Kedaragowla | C33: Janya | D33: 28 | E33: 28 - Harikambhoji | F33: S R2 M1 P N2 S' | G33: S' N2 D2 P M1 G3 R2 S | H33: =1+ISNUMBER(SEARCH("R",F33))+ISNUMBER(SEARCH("G",F33))+ISNUMBER(SEARCH("M",F33))+ISNUMBER(SEARCH("P",F33))+ISNUMBER(SEARCH("D",F33))+ISNUMBER(SEARCH("N",F33)) -> 5 | I33: =1+ISNUMBER(SEARCH("R",G33))+ISNUMBER(SEARCH("G",G33))+ISNUMBER(SEARCH("M",G33))+ISNUMBER(SEARCH("P",G33))+ISNUMBER(SEARCH("D",G33))+ISNUMBER(SEARCH("N",G33)) -> 7 | J33: =IFERROR(CHOOSE(H33-3,"Svarantara","Audava","Shadava","Sampoorna"),"Other") -> Audava | K33: =IFERROR(CHOOSE(I33-3,"Svarantara","Audava","Shadava","Sampoorna"),"Other") -> Sampoorna | L33: =J33&" - "&K33 -> Audava - Sampoorna | M33: No | N33: A - Very common | O33: Wikipedia - List of Janya ragas | P33: High | R33: 125
A34: 33 | B34: Khamas | C34: Janya | D34: 28 | E34: 28 - Harikambhoji | F34: S M1 G3 M1 P D2 N3 S' | G34: S' N2 D2 P M1 G3 R2 S | H34: =1+ISNUMBER(SEARCH("R",F34))+ISNUMBER(SEARCH("G",F34))+ISNUMBER(SEARCH("M",F34))+ISNUMBER(SEARCH("P",F34))+ISNUMBER(SEARCH("D",F34))+ISNUMBER(SEARCH("N",F34)) -> 6 | I34: =1+ISNUMBER(SEARCH("R",G34))+ISNUMBER(SEARCH("G",G34))+ISNUMBER(SEARCH("M",G34))+ISNUMBER(SEARCH("P",G34))+ISNUMBER(SEARCH("D",G34))+ISNUMBER(SEARCH("N",G34)) -> 7 | J34: =IFERROR(CHOOSE(H34-3,"Svarantara","Audava","Shadava","Sampoorna"),"Other") -> Shadava | K34: =IFERROR(CHOOSE(I34-3,"Svarantara","Audava","Shadava","Sampoorna"),"Other") -> Sampoorna | L34: =J34&" - "&K34 -> Shadava - Sampoorna | M34: Yes | N34: A - Very common | O34: Wikipedia - List of Janya ragas | P34: High | Q34: Bhashanga (N3 in ascent); vakra ascent. | R34: 124
A35: 34 | B35: Shivaranjani | C35: Janya | D35: 22 | E35: 22 - Kharaharapriya | F35: S R2 G2 P D2 S' | G35: S' D2 P G2 R2 S | H35: =1+ISNUMBER(SEARCH("R",F35))+ISNUMBER(SEARCH("G",F35))+ISNUMBER(SEARCH("M",F35))+ISNUMBER(SEARCH("P",F35))+ISNUMBER(SEARCH("D",F35))+ISNUMBER(SEARCH("N",F35)) -> 5 | I35: =1+ISNUMBER(SEARCH("R",G35))+ISNUMBER(SEARCH("G",G35))+ISNUMBER(SEARCH("M",G35))+ISNUMBER(SEARCH("P",G35))+ISNUMBER(SEARCH("D",G35))+ISNUMBER(SEARCH("N",G35)) -> 5 | J35: =IFERROR(CHOOSE(H35-3,"Svarantara","Audava","Shadava","Sampoorna"),"Other") -> Audava | K35: =IFERROR(CHOOSE(I35-3,"Svarantara","Audava","Shadava","Sampoorna"),"Other") -> Audava | L35: =J35&" - "&K35 -> Audava - Audava | M35: No | N35: A - Very common | O35: Wikipedia - List of Janya ragas | P35: High | R35: 117
A36: 35 | B36: Malahari | C36: Janya | D36: 15 | E36: 15 - Mayamalavagowla | F36: S R1 M1 P D1 S' | G36: S' D1 P M1 G3 R1 S | H36: =1+ISNUMBER(SEARCH("R",F36))+ISNUMBER(SEARCH("G",F36))+ISNUMBER(SEARCH("M",F36))+ISNUMBER(SEARCH("P",F36))+ISNUMBER(SEARCH("D",F36))+ISNUMBER(SEARCH("N",F36)) -> 5 | I36: =1+ISNUMBER(SEARCH("R",G36))+ISNUMBER(SEARCH("G",G36))+ISNUMBER(SEARCH("M",G36))+ISNUMBER(SEARCH("P",G36))+ISNUMBER(SEARCH("D",G36))+ISNUMBER(SEARCH("N",G36)) -> 6 | J36: =IFERROR(CHOOSE(H36-3,"Svarantara","Audava","Shadava","Sampoorna"),"Other") -> Audava | K36: =IFERROR(CHOOSE(I36-3,"Svarantara","Audava","Shadava","Sampoorna"),"Other") -> Shadava | L36: =J36&" - "&K36 -> Audava - Shadava | M36: No | N36: A - Very common | O36: Your sheet | P36: High | R36: 85
A37: 36 | B37: Punnagavarali | C37: Janya | D37: 8 | E37: 8 - Hanumatodi | F37: N2 S R1 G2 M1 P D1 N2 | G37: N2 D1 P M1 G2 R1 S N2 | H37: =1+ISNUMBER(SEARCH("R",F37))+ISNUMBER(SEARCH("G",F37))+ISNUMBER(SEARCH("M",F37))+ISNUMBER(SEARCH("P",F37))+ISNUMBER(SEARCH("D",F37))+ISNUMBER(SEARCH("N",F37)) -> 7 | I37: =1+ISNUMBER(SEARCH("R",G37))+ISNUMBER(SEARCH("G",G37))+ISNUMBER(SEARCH("M",G37))+ISNUMBER(SEARCH("P",G37))+ISNUMBER(SEARCH("D",G37))+ISNUMBER(SEARCH("N",G37)) -> 7 | J37: =IFERROR(CHOOSE(H37-3,"Svarantara","Audava","Shadava","Sampoorna"),"Other") -> Sampoorna | K37: =IFERROR(CHOOSE(I37-3,"Svarantara","Audava","Shadava","Sampoorna"),"Other") -> Sampoorna | L37: =J37&" - "&K37 -> Sampoorna - Sampoorna | M37: No | N37: A - Very common | O37: Wikipedia - raga article | P37: High | Q37: Nishadantya: sung N2 to N2 in one octave (no upper Sa). R2 sometimes used in the ascent. | R37: 76
A38: 37 | B38: Varali | C38: Janya | D38: 39 | E38: 39 - Jhalavarali | F38: S G1 R1 G1 M2 P D1 N3 S' | G38: S' N3 D1 P M2 G1 R1 S | H38: =1+ISNUMBER(SEARCH("R",F38))+ISNUMBER(SEARCH("G",F38))+ISNUMBER(SEARCH("M",F38))+ISNUMBER(SEARCH("P",F38))+ISNUMBER(SEARCH("D",F38))+ISNUMBER(SEARCH("N",F38)) -> 7 | I38: =1+ISNUMBER(SEARCH("R",G38))+ISNUMBER(SEARCH("G",G38))+ISNUMBER(SEARCH("M",G38))+ISNUMBER(SEARCH("P",G38))+ISNUMBER(SEARCH("D",G38))+ISNUMBER(SEARCH("N",G38)) -> 7 | J38: =IFERROR(CHOOSE(H38-3,"Svarantara","Audava","Shadava","Sampoorna"),"Other") -> Sampoorna | K38: =IFERROR(CHOOSE(I38-3,"Svarantara","Audava","Shadava","Sampoorna"),"Other") -> Sampoorna | L38: =J38&" - "&K38 -> Sampoorna - Sampoorna | M38: Yes | N38: A - Very common | O38: Wikipedia - List of Janya ragas | P38: Check | Q38: Vakra ascent, as written in Wikipedia's list. Confirm with the expert. | R38: 162
A39: 38 | B39: Asaveri | C39: Janya | D39: 8 | E39: 8 - Hanumatodi | F39: S R1 M1 P D1 S' | G39: S' N2 S P D1 M1 P R2 G2 R1 S | H39: =1+ISNUMBER(SEARCH("R",F39))+ISNUMBER(SEARCH("G",F39))+ISNUMBER(SEARCH("M",F39))+ISNUMBER(SEARCH("P",F39))+ISNUMBER(SEARCH("D",F39))+ISNUMBER(SEARCH("N",F39)) -> 5 | I39: =1+ISNUMBER(SEARCH("R",G39))+ISNUMBER(SEARCH("G",G39))+ISNUMBER(SEARCH("M",G39))+ISNUMBER(SEARCH("P",G39))+ISNUMBER(SEARCH("D",G39))+ISNUMBER(SEARCH("N",G39)) -> 7 | J39: =IFERROR(CHOOSE(H39-3,"Svarantara","Audava","Shadava","Sampoorna"),"Other") -> Audava | K39: =IFERROR(CHOOSE(I39-3,"Svarantara","Audava","Shadava","Sampoorna"),"Other") -> Sampoorna | L39: =J39&" - "&K39 -> Audava - Sampoorna | M39: Yes | N39: A - Very common | O39: Wikipedia - raga article | P39: High | Q39: Vakra descent; bhashanga (R2 is an anya swara). | R39: 74
A40: 39 | B40: Simhendramadhyamam | C40: Melakarta | D40: 57 | E40: (is a melakarta) | F40: S R2 G2 M2 P D1 N3 S' | G40: S' N3 D1 P M2 G2 R2 S | H40: =1+ISNUMBER(SEARCH("R",F40))+ISNUMBER(SEARCH("G",F40))+ISNUMBER(SEARCH("M",F40))+ISNUMBER(SEARCH("P",F40))+ISNUMBER(SEARCH("D",F40))+ISNUMBER(SEARCH("N",F40)) -> 7 | I40: =1+ISNUMBER(SEARCH("R",G40))+ISNUMBER(SEARCH("G",G40))+ISNUMBER(SEARCH("M",G40))+ISNUMBER(SEARCH("P",G40))+ISNUMBER(SEARCH("D",G40))+ISNUMBER(SEARCH("N",G40)) -> 7 | J40: =IFERROR(CHOOSE(H40-3,"Svarantara","Audava","Shadava","Sampoorna"),"Other") -> Sampoorna | K40: =IFERROR(CHOOSE(I40-3,"Svarantara","Audava","Shadava","Sampoorna"),"Other") -> Sampoorna | L40: =J40&" - "&K40 -> Sampoorna - Sampoorna | M40: No | N40: B - Common | O40: Your sheet (systematic) | P40: High | R40: 57
A41: 40 | B41: Gaurimanohari | C41: Melakarta | D41: 23 | E41: (is a melakarta) | F41: S R2 G2 M1 P D2 N3 S' | G41: S' N3 D2 P M1 G2 R2 S | H41: =1+ISNUMBER(SEARCH("R",F41))+ISNUMBER(SEARCH("G",F41))+ISNUMBER(SEARCH("M",F41))+ISNUMBER(SEARCH("P",F41))+ISNUMBER(SEARCH("D",F41))+ISNUMBER(SEARCH("N",F41)) -> 7 | I41: =1+ISNUMBER(SEARCH("R",G41))+ISNUMBER(SEARCH("G",G41))+ISNUMBER(SEARCH("M",G41))+ISNUMBER(SEARCH("P",G41))+ISNUMBER(SEARCH("D",G41))+ISNUMBER(SEARCH("N",G41)) -> 7 | J41: =IFERROR(CHOOSE(H41-3,"Svarantara","Audava","Shadava","Sampoorna"),"Other") -> Sampoorna | K41: =IFERROR(CHOOSE(I41-3,"Svarantara","Audava","Shadava","Sampoorna"),"Other") -> Sampoorna | L41: =J41&" - "&K41 -> Sampoorna - Sampoorna | M41: No | N41: B - Common | O41: Your sheet (systematic) | P41: High | R41: 23
A42: 41 | B42: Hemavati | C42: Melakarta | D42: 58 | E42: (is a melakarta) | F42: S R2 G2 M2 P D2 N2 S' | G42: S' N2 D2 P M2 G2 R2 S | H42: =1+ISNUMBER(SEARCH("R",F42))+ISNUMBER(SEARCH("G",F42))+ISNUMBER(SEARCH("M",F42))+ISNUMBER(SEARCH("P",F42))+ISNUMBER(SEARCH("D",F42))+ISNUMBER(SEARCH("N",F42)) -> 7 | I42: =1+ISNUMBER(SEARCH("R",G42))+ISNUMBER(SEARCH("G",G42))+ISNUMBER(SEARCH("M",G42))+ISNUMBER(SEARCH("P",G42))+ISNUMBER(SEARCH("D",G42))+ISNUMBER(SEARCH("N",G42)) -> 7 | J42: =IFERROR(CHOOSE(H42-3,"Svarantara","Audava","Shadava","Sampoorna"),"Other") -> Sampoorna | K42: =IFERROR(CHOOSE(I42-3,"Svarantara","Audava","Shadava","Sampoorna"),"Other") -> Sampoorna | L42: =J42&" - "&K42 -> Sampoorna - Sampoorna | M42: No | N42: B - Common | O42: Your sheet (systematic) | P42: High | R42: 58
A43: 42 | B43: Dharmavati | C43: Melakarta | D43: 59 | E43: (is a melakarta) | F43: S R2 G2 M2 P D2 N3 S' | G43: S' N3 D2 P M2 G2 R2 S | H43: =1+ISNUMBER(SEARCH("R",F43))+ISNUMBER(SEARCH("G",F43))+ISNUMBER(SEARCH("M",F43))+ISNUMBER(SEARCH("P",F43))+ISNUMBER(SEARCH("D",F43))+ISNUMBER(SEARCH("N",F43)) -> 7 | I43: =1+ISNUMBER(SEARCH("R",G43))+ISNUMBER(SEARCH("G",G43))+ISNUMBER(SEARCH("M",G43))+ISNUMBER(SEARCH("P",G43))+ISNUMBER(SEARCH("D",G43))+ISNUMBER(SEARCH("N",G43)) -> 7 | J43: =IFERROR(CHOOSE(H43-3,"Svarantara","Audava","Shadava","Sampoorna"),"Other") -> Sampoorna | K43: =IFERROR(CHOOSE(I43-3,"Svarantara","Audava","Shadava","Sampoorna"),"Other") -> Sampoorna | L43: =J43&" - "&K43 -> Sampoorna - Sampoorna | M43: No | N43: B - Common | O43: Your sheet (systematic) | P43: High | R43: 59
A44: 43 | B44: Kamavardhini | C44: Melakarta | D44: 51 | E44: (is a melakarta) | F44: S R1 G3 M2 P D1 N3 S' | G44: S' N3 D1 P M2 G3 R1 S | H44: =1+ISNUMBER(SEARCH("R",F44))+ISNUMBER(SEARCH("G",F44))+ISNUMBER(SEARCH("M",F44))+ISNUMBER(SEARCH("P",F44))+ISNUMBER(SEARCH("D",F44))+ISNUMBER(SEARCH("N",F44)) -> 7 | I44: =1+ISNUMBER(SEARCH("R",G44))+ISNUMBER(SEARCH("G",G44))+ISNUMBER(SEARCH("M",G44))+ISNUMBER(SEARCH("P",G44))+ISNUMBER(SEARCH("D",G44))+ISNUMBER(SEARCH("N",G44)) -> 7 | J44: =IFERROR(CHOOSE(H44-3,"Svarantara","Audava","Shadava","Sampoorna"),"Other") -> Sampoorna | K44: =IFERROR(CHOOSE(I44-3,"Svarantara","Audava","Shadava","Sampoorna"),"Other") -> Sampoorna | L44: =J44&" - "&K44 -> Sampoorna - Sampoorna | M44: No | N44: B - Common | O44: Your sheet (systematic) | P44: High | Q44: Pantuvarali | R44: 51
A45: 44 | B45: Vachaspati | C45: Melakarta | D45: 64 | E45: (is a melakarta) | F45: S R2 G3 M2 P D2 N2 S' | G45: S' N2 D2 P M2 G3 R2 S | H45: =1+ISNUMBER(SEARCH("R",F45))+ISNUMBER(SEARCH("G",F45))+ISNUMBER(SEARCH("M",F45))+ISNUMBER(SEARCH("P",F45))+ISNUMBER(SEARCH("D",F45))+ISNUMBER(SEARCH("N",F45)) -> 7 | I45: =1+ISNUMBER(SEARCH("R",G45))+ISNUMBER(SEARCH("G",G45))+ISNUMBER(SEARCH("M",G45))+ISNUMBER(SEARCH("P",G45))+ISNUMBER(SEARCH("D",G45))+ISNUMBER(SEARCH("N",G45)) -> 7 | J45: =IFERROR(CHOOSE(H45-3,"Svarantara","Audava","Shadava","Sampoorna"),"Other") -> Sampoorna | K45: =IFERROR(CHOOSE(I45-3,"Svarantara","Audava","Shadava","Sampoorna"),"Other") -> Sampoorna | L45: =J45&" - "&K45 -> Sampoorna - Sampoorna | M45: No | N45: B - Common | O45: Your sheet (systematic) | P45: High | R45: 64
A46: 45 | B46: Natakapriya | C46: Melakarta | D46: 10 | E46: (is a melakarta) | F46: S R1 G2 M1 P D2 N2 S' | G46: S' N2 D2 P M1 G2 R1 S | H46: =1+ISNUMBER(SEARCH("R",F46))+ISNUMBER(SEARCH("G",F46))+ISNUMBER(SEARCH("M",F46))+ISNUMBER(SEARCH("P",F46))+ISNUMBER(SEARCH("D",F46))+ISNUMBER(SEARCH("N",F46)) -> 7 | I46: =1+ISNUMBER(SEARCH("R",G46))+ISNUMBER(SEARCH("G",G46))+ISNUMBER(SEARCH("M",G46))+ISNUMBER(SEARCH("P",G46))+ISNUMBER(SEARCH("D",G46))+ISNUMBER(SEARCH("N",G46)) -> 7 | J46: =IFERROR(CHOOSE(H46-3,"Svarantara","Audava","Shadava","Sampoorna"),"Other") -> Sampoorna | K46: =IFERROR(CHOOSE(I46-3,"Svarantara","Audava","Shadava","Sampoorna"),"Other") -> Sampoorna | L46: =J46&" - "&K46 -> Sampoorna - Sampoorna | M46: No | N46: B - Common | O46: Your sheet (systematic) | P46: High | R46: 10
A47: 46 | B47: Chakravakam | C47: Melakarta | D47: 16 | E47: (is a melakarta) | F47: S R1 G3 M1 P D2 N2 S' | G47: S' N2 D2 P M1 G3 R1 S | H47: =1+ISNUMBER(SEARCH("R",F47))+ISNUMBER(SEARCH("G",F47))+ISNUMBER(SEARCH("M",F47))+ISNUMBER(SEARCH("P",F47))+ISNUMBER(SEARCH("D",F47))+ISNUMBER(SEARCH("N",F47)) -> 7 | I47: =1+ISNUMBER(SEARCH("R",G47))+ISNUMBER(SEARCH("G",G47))+ISNUMBER(SEARCH("M",G47))+ISNUMBER(SEARCH("P",G47))+ISNUMBER(SEARCH("D",G47))+ISNUMBER(SEARCH("N",G47)) -> 7 | J47: =IFERROR(CHOOSE(H47-3,"Svarantara","Audava","Shadava","Sampoorna"),"Other") -> Sampoorna | K47: =IFERROR(CHOOSE(I47-3,"Svarantara","Audava","Shadava","Sampoorna"),"Other") -> Sampoorna | L47: =J47&" - "&K47 -> Sampoorna - Sampoorna | M47: No | N47: B - Common | O47: Your sheet (systematic) | P47: High | R47: 16
A48: 47 | B48: Gamanashrama | C48: Melakarta | D48: 53 | E48: (is a melakarta) | F48: S R1 G3 M2 P D2 N3 S' | G48: S' N3 D2 P M2 G3 R1 S | H48: =1+ISNUMBER(SEARCH("R",F48))+ISNUMBER(SEARCH("G",F48))+ISNUMBER(SEARCH("M",F48))+ISNUMBER(SEARCH("P",F48))+ISNUMBER(SEARCH("D",F48))+ISNUMBER(SEARCH("N",F48)) -> 7 | I48: =1+ISNUMBER(SEARCH("R",G48))+ISNUMBER(SEARCH("G",G48))+ISNUMBER(SEARCH("M",G48))+ISNUMBER(SEARCH("P",G48))+ISNUMBER(SEARCH("D",G48))+ISNUMBER(SEARCH("N",G48)) -> 7 | J48: =IFERROR(CHOOSE(H48-3,"Svarantara","Audava","Shadava","Sampoorna"),"Other") -> Sampoorna | K48: =IFERROR(CHOOSE(I48-3,"Svarantara","Audava","Shadava","Sampoorna"),"Other") -> Sampoorna | L48: =J48&" - "&K48 -> Sampoorna - Sampoorna | M48: No | N48: B - Common | O48: Your sheet (systematic) | P48: High | Q48: Gamanashrama (Purvikalyani is a related raga) | R48: 53
A49: 48 | B49: Chalanata | C49: Melakarta | D49: 36 | E49: (is a melakarta) | F49: S R3 G3 M1 P D3 N3 S' | G49: S' N3 D3 P M1 G3 R3 S | H49: =1+ISNUMBER(SEARCH("R",F49))+ISNUMBER(SEARCH("G",F49))+ISNUMBER(SEARCH("M",F49))+ISNUMBER(SEARCH("P",F49))+ISNUMBER(SEARCH("D",F49))+ISNUMBER(SEARCH("N",F49)) -> 7 | I49: =1+ISNUMBER(SEARCH("R",G49))+ISNUMBER(SEARCH("G",G49))+ISNUMBER(SEARCH("M",G49))+ISNUMBER(SEARCH("P",G49))+ISNUMBER(SEARCH("D",G49))+ISNUMBER(SEARCH("N",G49)) -> 7 | J49: =IFERROR(CHOOSE(H49-3,"Svarantara","Audava","Shadava","Sampoorna"),"Other") -> Sampoorna | K49: =IFERROR(CHOOSE(I49-3,"Svarantara","Audava","Shadava","Sampoorna"),"Other") -> Sampoorna | L49: =J49&" - "&K49 -> Sampoorna - Sampoorna | M49: No | N49: B - Common | O49: Your sheet (systematic) | P49: High | R49: 36
A50: 49 | B50: Jhalavarali | C50: Melakarta | D50: 39 | E50: (is a melakarta) | F50: S R1 G1 M2 P D1 N3 S' | G50: S' N3 D1 P M2 G1 R1 S | H50: =1+ISNUMBER(SEARCH("R",F50))+ISNUMBER(SEARCH("G",F50))+ISNUMBER(SEARCH("M",F50))+ISNUMBER(SEARCH("P",F50))+ISNUMBER(SEARCH("D",F50))+ISNUMBER(SEARCH("N",F50)) -> 7 | I50: =1+ISNUMBER(SEARCH("R",G50))+ISNUMBER(SEARCH("G",G50))+ISNUMBER(SEARCH("M",G50))+ISNUMBER(SEARCH("P",G50))+ISNUMBER(SEARCH("D",G50))+ISNUMBER(SEARCH("N",G50)) -> 7 | J50: =IFERROR(CHOOSE(H50-3,"Svarantara","Audava","Shadava","Sampoorna"),"Other") -> Sampoorna | K50: =IFERROR(CHOOSE(I50-3,"Svarantara","Audava","Shadava","Sampoorna"),"Other") -> Sampoorna | L50: =J50&" - "&K50 -> Sampoorna - Sampoorna | M50: No | N50: B - Common | O50: Your sheet (systematic) | P50: High | R50: 39
A51: 50 | B51: Yadukulakambhoji | C51: Janya | D51: 28 | E51: 28 - Harikambhoji | F51: S R2 M1 P D2 S' | G51: S' N2 D2 P M1 G3 R2 S | H51: =1+ISNUMBER(SEARCH("R",F51))+ISNUMBER(SEARCH("G",F51))+ISNUMBER(SEARCH("M",F51))+ISNUMBER(SEARCH("P",F51))+ISNUMBER(SEARCH("D",F51))+ISNUMBER(SEARCH("N",F51)) -> 5 | I51: =1+ISNUMBER(SEARCH("R",G51))+ISNUMBER(SEARCH("G",G51))+ISNUMBER(SEARCH("M",G51))+ISNUMBER(SEARCH("P",G51))+ISNUMBER(SEARCH("D",G51))+ISNUMBER(SEARCH("N",G51)) -> 7 | J51: =IFERROR(CHOOSE(H51-3,"Svarantara","Audava","Shadava","Sampoorna"),"Other") -> Audava | K51: =IFERROR(CHOOSE(I51-3,"Svarantara","Audava","Shadava","Sampoorna"),"Other") -> Sampoorna | L51: =J51&" - "&K51 -> Audava - Sampoorna | M51: No | N51: B - Common | O51: Wikipedia - List of Janya ragas | P51: High | R51: 127
A52: 51 | B52: Poorvikalyani | C52: Janya | D52: 53 | E52: 53 - Gamanashrama | F52: S R1 G3 M2 P D2 P S' | G52: S' N3 D2 P M2 G3 R1 S | H52: =1+ISNUMBER(SEARCH("R",F52))+ISNUMBER(SEARCH("G",F52))+ISNUMBER(SEARCH("M",F52))+ISNUMBER(SEARCH("P",F52))+ISNUMBER(SEARCH("D",F52))+ISNUMBER(SEARCH("N",F52)) -> 6 | I52: =1+ISNUMBER(SEARCH("R",G52))+ISNUMBER(SEARCH("G",G52))+ISNUMBER(SEARCH("M",G52))+ISNUMBER(SEARCH("P",G52))+ISNUMBER(SEARCH("D",G52))+ISNUMBER(SEARCH("N",G52)) -> 7 | J52: =IFERROR(CHOOSE(H52-3,"Svarantara","Audava","Shadava","Sampoorna"),"Other") -> Shadava | K52: =IFERROR(CHOOSE(I52-3,"Svarantara","Audava","Shadava","Sampoorna"),"Other") -> Sampoorna | L52: =J52&" - "&K52 -> Shadava - Sampoorna | M52: Yes | N52: B - Common | O52: Wikipedia - List of Janya ragas | P52: High | Q52: Vakra ascent; no Nishadam in the ascent. | R52: 164
A53: 52 | B53: Mohanakalyani | C53: Janya | D53: 65 | E53: 65 - Mechakalyani | F53: S R2 G3 P D2 S' | G53: S' N3 D2 P M2 G3 R2 S | H53: =1+ISNUMBER(SEARCH("R",F53))+ISNUMBER(SEARCH("G",F53))+ISNUMBER(SEARCH("M",F53))+ISNUMBER(SEARCH("P",F53))+ISNUMBER(SEARCH("D",F53))+ISNUMBER(SEARCH("N",F53)) -> 5 | I53: =1+ISNUMBER(SEARCH("R",G53))+ISNUMBER(SEARCH("G",G53))+ISNUMBER(SEARCH("M",G53))+ISNUMBER(SEARCH("P",G53))+ISNUMBER(SEARCH("D",G53))+ISNUMBER(SEARCH("N",G53)) -> 7 | J53: =IFERROR(CHOOSE(H53-3,"Svarantara","Audava","Shadava","Sampoorna"),"Other") -> Audava | K53: =IFERROR(CHOOSE(I53-3,"Svarantara","Audava","Shadava","Sampoorna"),"Other") -> Sampoorna | L53: =J53&" - "&K53 -> Audava - Sampoorna | M53: No | N53: B - Common | O53: Wikipedia - List of Janya ragas | P53: High | R53: 168
A54: 53 | B54: Yamunakalyani | C54: Janya | D54: 65 | E54: 65 - Mechakalyani | F54: S R2 G3 M2 P D2 N3 S' | G54: S' N3 D2 P M2 G3 M1 G3 R2 S | H54: =1+ISNUMBER(SEARCH("R",F54))+ISNUMBER(SEARCH("G",F54))+ISNUMBER(SEARCH("M",F54))+ISNUMBER(SEARCH("P",F54))+ISNUMBER(SEARCH("D",F54))+ISNUMBER(SEARCH("N",F54)) -> 7 | I54: =1+ISNUMBER(SEARCH("R",G54))+ISNUMBER(SEARCH("G",G54))+ISNUMBER(SEARCH("M",G54))+ISNUMBER(SEARCH("P",G54))+ISNUMBER(SEARCH("D",G54))+ISNUMBER(SEARCH("N",G54)) -> 7 | J54: =IFERROR(CHOOSE(H54-3,"Svarantara","Audava","Shadava","Sampoorna"),"Other") -> Sampoorna | K54: =IFERROR(CHOOSE(I54-3,"Svarantara","Audava","Shadava","Sampoorna"),"Other") -> Sampoorna | L54: =J54&" - "&K54 -> Sampoorna - Sampoorna | M54: Yes | N54: B - Common | O54: Wikipedia - List of Janya ragas | P54: Check | Q54: Bhashanga (M1 anya swara) with vakra descent; some sources vary the ascent. | R54: 167
A55: 54 | B55: Hamirkalyani | C55: Janya | D55: 65 | E55: 65 - Mechakalyani | F55: S R2 S P M2 P D2 N3 S' | G55: S' N3 D2 P M2 G3 M1 G3 R2 S | H55: =1+ISNUMBER(SEARCH("R",F55))+ISNUMBER(SEARCH("G",F55))+ISNUMBER(SEARCH("M",F55))+ISNUMBER(SEARCH("P",F55))+ISNUMBER(SEARCH("D",F55))+ISNUMBER(SEARCH("N",F55)) -> 6 | I55: =1+ISNUMBER(SEARCH("R",G55))+ISNUMBER(SEARCH("G",G55))+ISNUMBER(SEARCH("M",G55))+ISNUMBER(SEARCH("P",G55))+ISNUMBER(SEARCH("D",G55))+ISNUMBER(SEARCH("N",G55)) -> 7 | J55: =IFERROR(CHOOSE(H55-3,"Svarantara","Audava","Shadava","Sampoorna"),"Other") -> Shadava | K55: =IFERROR(CHOOSE(I55-3,"Svarantara","Audava","Shadava","Sampoorna"),"Other") -> Sampoorna | L55: =J55&" - "&K55 -> Shadava - Sampoorna | M55: Yes | N55: B - Common | O55: Claude (standard textbook form); cf. Wikipedia | P55: Check | Q55: Vakra; bhashanga (M1 anya swara). Wikipedia's entry is a composite of several versions. | R55: 166
A56: 55 | B56: Amritavarshini | C56: Janya | D56: 65 | E56: 65 - Mechakalyani | F56: S G3 M2 P N3 S' | G56: S' N3 P M2 G3 S | H56: =1+ISNUMBER(SEARCH("R",F56))+ISNUMBER(SEARCH("G",F56))+ISNUMBER(SEARCH("M",F56))+ISNUMBER(SEARCH("P",F56))+ISNUMBER(SEARCH("D",F56))+ISNUMBER(SEARCH("N",F56)) -> 5 | I56: =1+ISNUMBER(SEARCH("R",G56))+ISNUMBER(SEARCH("G",G56))+ISNUMBER(SEARCH("M",G56))+ISNUMBER(SEARCH("P",G56))+ISNUMBER(SEARCH("D",G56))+ISNUMBER(SEARCH("N",G56)) -> 5 | J56: =IFERROR(CHOOSE(H56-3,"Svarantara","Audava","Shadava","Sampoorna"),"Other") -> Audava | K56: =IFERROR(CHOOSE(I56-3,"Svarantara","Audava","Shadava","Sampoorna"),"Other") -> Audava | L56: =J56&" - "&K56 -> Audava - Audava | M56: No | N56: B - Common | O56: Wikipedia - List of Janya ragas | P56: High | Q56: Your sheet lists parent 65; Wikipedia lists 66 (Chitrambari). Ri and Dha are absent, so either parent fits. | R56: 170
A57: 56 | B57: Hamsanandi | C57: Janya | D57: 53 | E57: 53 - Gamanashrama | F57: S R1 G3 M2 D2 N3 S' | G57: S' N3 D2 M2 G3 R1 S | H57: =1+ISNUMBER(SEARCH("R",F57))+ISNUMBER(SEARCH("G",F57))+ISNUMBER(SEARCH("M",F57))+ISNUMBER(SEARCH("P",F57))+ISNUMBER(SEARCH("D",F57))+ISNUMBER(SEARCH("N",F57)) -> 6 | I57: =1+ISNUMBER(SEARCH("R",G57))+ISNUMBER(SEARCH("G",G57))+ISNUMBER(SEARCH("M",G57))+ISNUMBER(SEARCH("P",G57))+ISNUMBER(SEARCH("D",G57))+ISNUMBER(SEARCH("N",G57)) -> 6 | J57: =IFERROR(CHOOSE(H57-3,"Svarantara","Audava","Shadava","Sampoorna"),"Other") -> Shadava | K57: =IFERROR(CHOOSE(I57-3,"Svarantara","Audava","Shadava","Sampoorna"),"Other") -> Shadava | L57: =J57&" - "&K57 -> Shadava - Shadava | M57: No | N57: B - Common | O57: Wikipedia - List of Janya ragas | P57: High | Q57: No Panchamam. | R57: 163
A58: 57 | B58: Gaula | C58: Janya | D58: 15 | E58: 15 - Mayamalavagowla | F58: S R1 M1 P N3 S' | G58: S' N3 P M1 R1 G3 M1 R1 S | H58: =1+ISNUMBER(SEARCH("R",F58))+ISNUMBER(SEARCH("G",F58))+ISNUMBER(SEARCH("M",F58))+ISNUMBER(SEARCH("P",F58))+ISNUMBER(SEARCH("D",F58))+ISNUMBER(SEARCH("N",F58)) -> 5 | I58: =1+ISNUMBER(SEARCH("R",G58))+ISNUMBER(SEARCH("G",G58))+ISNUMBER(SEARCH("M",G58))+ISNUMBER(SEARCH("P",G58))+ISNUMBER(SEARCH("D",G58))+ISNUMBER(SEARCH("N",G58)) -> 6 | J58: =IFERROR(CHOOSE(H58-3,"Svarantara","Audava","Shadava","Sampoorna"),"Other") -> Audava | K58: =IFERROR(CHOOSE(I58-3,"Svarantara","Audava","Shadava","Sampoorna"),"Other") -> Shadava | L58: =J58&" - "&K58 -> Audava - Shadava | M58: Yes | N58: B - Common | O58: Wikipedia - List of Janya ragas | P58: High | Q58: Vakra descent. | R58: 84
A59: 58 | B59: Nattai | C59: Janya | D59: 36 | E59: 36 - Chalanata | F59: S R3 G3 M1 P N3 S' | G59: S' N3 P M1 G3 R3 S | H59: =1+ISNUMBER(SEARCH("R",F59))+ISNUMBER(SEARCH("G",F59))+ISNUMBER(SEARCH("M",F59))+ISNUMBER(SEARCH("P",F59))+ISNUMBER(SEARCH("D",F59))+ISNUMBER(SEARCH("N",F59)) -> 6 | I59: =1+ISNUMBER(SEARCH("R",G59))+ISNUMBER(SEARCH("G",G59))+ISNUMBER(SEARCH("M",G59))+ISNUMBER(SEARCH("P",G59))+ISNUMBER(SEARCH("D",G59))+ISNUMBER(SEARCH("N",G59)) -> 6 | J59: =IFERROR(CHOOSE(H59-3,"Svarantara","Audava","Shadava","Sampoorna"),"Other") -> Shadava | K59: =IFERROR(CHOOSE(I59-3,"Svarantara","Audava","Shadava","Sampoorna"),"Other") -> Shadava | L59: =J59&" - "&K59 -> Shadava - Shadava | M59: No | N59: B - Common | O59: Wikipedia - List of Janya ragas | P59: High | R59: 160
A60: 59 | B60: Bowli | C60: Janya | D60: 15 | E60: 15 - Mayamalavagowla | F60: S R1 G3 P D1 S' | G60: S' N3 D1 P G3 R1 S | H60: =1+ISNUMBER(SEARCH("R",F60))+ISNUMBER(SEARCH("G",F60))+ISNUMBER(SEARCH("M",F60))+ISNUMBER(SEARCH("P",F60))+ISNUMBER(SEARCH("D",F60))+ISNUMBER(SEARCH("N",F60)) -> 5 | I60: =1+ISNUMBER(SEARCH("R",G60))+ISNUMBER(SEARCH("G",G60))+ISNUMBER(SEARCH("M",G60))+ISNUMBER(SEARCH("P",G60))+ISNUMBER(SEARCH("D",G60))+ISNUMBER(SEARCH("N",G60)) -> 6 | J60: =IFERROR(CHOOSE(H60-3,"Svarantara","Audava","Shadava","Sampoorna"),"Other") -> Audava | K60: =IFERROR(CHOOSE(I60-3,"Svarantara","Audava","Shadava","Sampoorna"),"Other") -> Shadava | L60: =J60&" - "&K60 -> Audava - Shadava | M60: No | N60: B - Common | O60: Wikipedia - List of Janya ragas | P60: High | R60: 87
A61: 60 | B61: Lalita | C61: Janya | D61: 15 | E61: 15 - Mayamalavagowla | F61: S R1 G3 M1 D1 N3 S' | G61: S' N3 D1 M1 G3 R1 S | H61: =1+ISNUMBER(SEARCH("R",F61))+ISNUMBER(SEARCH("G",F61))+ISNUMBER(SEARCH("M",F61))+ISNUMBER(SEARCH("P",F61))+ISNUMBER(SEARCH("D",F61))+ISNUMBER(SEARCH("N",F61)) -> 6 | I61: =1+ISNUMBER(SEARCH("R",G61))+ISNUMBER(SEARCH("G",G61))+ISNUMBER(SEARCH("M",G61))+ISNUMBER(SEARCH("P",G61))+ISNUMBER(SEARCH("D",G61))+ISNUMBER(SEARCH("N",G61)) -> 6 | J61: =IFERROR(CHOOSE(H61-3,"Svarantara","Audava","Shadava","Sampoorna"),"Other") -> Shadava | K61: =IFERROR(CHOOSE(I61-3,"Svarantara","Audava","Shadava","Sampoorna"),"Other") -> Shadava | L61: =J61&" - "&K61 -> Shadava - Shadava | M61: No | N61: B - Common | O61: Wikipedia - List of Janya ragas | P61: High | Q61: No Panchamam. | R61: 88
A62: 61 | B62: Revagupti | C62: Janya | D62: 15 | E62: 15 - Mayamalavagowla | F62: S R1 M1 P D1 S' | G62: S' D1 P M1 R1 S | H62: =1+ISNUMBER(SEARCH("R",F62))+ISNUMBER(SEARCH("G",F62))+ISNUMBER(SEARCH("M",F62))+ISNUMBER(SEARCH("P",F62))+ISNUMBER(SEARCH("D",F62))+ISNUMBER(SEARCH("N",F62)) -> 5 | I62: =1+ISNUMBER(SEARCH("R",G62))+ISNUMBER(SEARCH("G",G62))+ISNUMBER(SEARCH("M",G62))+ISNUMBER(SEARCH("P",G62))+ISNUMBER(SEARCH("D",G62))+ISNUMBER(SEARCH("N",G62)) -> 5 | J62: =IFERROR(CHOOSE(H62-3,"Svarantara","Audava","Shadava","Sampoorna"),"Other") -> Audava | K62: =IFERROR(CHOOSE(I62-3,"Svarantara","Audava","Shadava","Sampoorna"),"Other") -> Audava | L62: =J62&" - "&K62 -> Audava - Audava | M62: No | N62: B - Common | O62: Your sheet | P62: Check | Q62: Your sheet's scale kept. Wikipedia's janya list shows a different scale (S R1 G3 P D1 S' / S' D1 P G3 R1 S). Confirm with the expert. | R62: 89
A63: 62 | B63: Jaganmohini | C63: Janya | D63: 15 | E63: 15 - Mayamalavagowla | F63: S G3 M1 P N3 S' | G63: S' N3 P M1 G3 R1 S | H63: =1+ISNUMBER(SEARCH("R",F63))+ISNUMBER(SEARCH("G",F63))+ISNUMBER(SEARCH("M",F63))+ISNUMBER(SEARCH("P",F63))+ISNUMBER(SEARCH("D",F63))+ISNUMBER(SEARCH("N",F63)) -> 5 | I63: =1+ISNUMBER(SEARCH("R",G63))+ISNUMBER(SEARCH("G",G63))+ISNUMBER(SEARCH("M",G63))+ISNUMBER(SEARCH("P",G63))+ISNUMBER(SEARCH("D",G63))+ISNUMBER(SEARCH("N",G63)) -> 6 | J63: =IFERROR(CHOOSE(H63-3,"Svarantara","Audava","Shadava","Sampoorna"),"Other") -> Audava | K63: =IFERROR(CHOOSE(I63-3,"Svarantara","Audava","Shadava","Sampoorna"),"Other") -> Shadava | L63: =J63&" - "&K63 -> Audava - Shadava | M63: No | N63: B - Common | O63: Wikipedia - List of Janya ragas | P63: High | R63: 98
A64: 63 | B64: Ahiri | C64: Janya | D64: 16 | E64: 16 - Chakravakam | F64: S R1 S G3 M1 P D2 N2 S' | G64: S' N2 D2 P M1 G3 R1 S | H64: =1+ISNUMBER(SEARCH("R",F64))+ISNUMBER(SEARCH("G",F64))+ISNUMBER(SEARCH("M",F64))+ISNUMBER(SEARCH("P",F64))+ISNUMBER(SEARCH("D",F64))+ISNUMBER(SEARCH("N",F64)) -> 7 | I64: =1+ISNUMBER(SEARCH("R",G64))+ISNUMBER(SEARCH("G",G64))+ISNUMBER(SEARCH("M",G64))+ISNUMBER(SEARCH("P",G64))+ISNUMBER(SEARCH("D",G64))+ISNUMBER(SEARCH("N",G64)) -> 7 | J64: =IFERROR(CHOOSE(H64-3,"Svarantara","Audava","Shadava","Sampoorna"),"Other") -> Sampoorna | K64: =IFERROR(CHOOSE(I64-3,"Svarantara","Audava","Shadava","Sampoorna"),"Other") -> Sampoorna | L64: =J64&" - "&K64 -> Sampoorna - Sampoorna | M64: Yes | N64: B - Common | O64: Wikipedia list, adapted to your parent mapping | P64: Check | Q64: Vakra; bhashanga. Parent is disputed: your sheet says 16 (Chakravakam); Wikipedia lists it under 8 and 14 (with D1). Scale here uses D2 N2 to match parent 16. | R64: 99
A65: 64 | B65: Bhupalam | C65: Janya | D65: 8 | E65: 8 - Hanumatodi | F65: S R1 G2 P D1 S' | G65: S' D1 P G2 R1 S | H65: =1+ISNUMBER(SEARCH("R",F65))+ISNUMBER(SEARCH("G",F65))+ISNUMBER(SEARCH("M",F65))+ISNUMBER(SEARCH("P",F65))+ISNUMBER(SEARCH("D",F65))+ISNUMBER(SEARCH("N",F65)) -> 5 | I65: =1+ISNUMBER(SEARCH("R",G65))+ISNUMBER(SEARCH("G",G65))+ISNUMBER(SEARCH("M",G65))+ISNUMBER(SEARCH("P",G65))+ISNUMBER(SEARCH("D",G65))+ISNUMBER(SEARCH("N",G65)) -> 5 | J65: =IFERROR(CHOOSE(H65-3,"Svarantara","Audava","Shadava","Sampoorna"),"Other") -> Audava | K65: =IFERROR(CHOOSE(I65-3,"Svarantara","Audava","Shadava","Sampoorna"),"Other") -> Audava | L65: =J65&" - "&K65 -> Audava - Audava | M65: No | N65: B - Common | O65: Wikipedia - List of Janya ragas | P65: High | R65: 75
A66: 65 | B66: Sindhubhairavi | C66: Janya | D66: 20 | E66: 20 - Natabhairavi | F66: S R2 G2 M1 G2 P D1 N2 S' | G66: S' N2 D1 P M1 G2 R1 S | H66: =1+ISNUMBER(SEARCH("R",F66))+ISNUMBER(SEARCH("G",F66))+ISNUMBER(SEARCH("M",F66))+ISNUMBER(SEARCH("P",F66))+ISNUMBER(SEARCH("D",F66))+ISNUMBER(SEARCH("N",F66)) -> 7 | I66: =1+ISNUMBER(SEARCH("R",G66))+ISNUMBER(SEARCH("G",G66))+ISNUMBER(SEARCH("M",G66))+ISNUMBER(SEARCH("P",G66))+ISNUMBER(SEARCH("D",G66))+ISNUMBER(SEARCH("N",G66)) -> 7 | J66: =IFERROR(CHOOSE(H66-3,"Svarantara","Audava","Shadava","Sampoorna"),"Other") -> Sampoorna | K66: =IFERROR(CHOOSE(I66-3,"Svarantara","Audava","Shadava","Sampoorna"),"Other") -> Sampoorna | L66: =J66&" - "&K66 -> Sampoorna - Sampoorna | M66: Yes | N66: B - Common | O66: Wikipedia - List of Janya ragas | P66: Check | Q66: Bhashanga; uses many anya swaras (R2, G3, M2, D2, N3). | R66: 105
A67: 66 | B67: Ritigowla | C67: Janya | D67: 22 | E67: 22 - Kharaharapriya | F67: S G2 R2 G2 M1 N2 D2 N2 S' | G67: S' N2 D2 M1 G2 M1 P M1 G2 R2 S | H67: =1+ISNUMBER(SEARCH("R",F67))+ISNUMBER(SEARCH("G",F67))+ISNUMBER(SEARCH("M",F67))+ISNUMBER(SEARCH("P",F67))+ISNUMBER(SEARCH("D",F67))+ISNUMBER(SEARCH("N",F67)) -> 6 | I67: =1+ISNUMBER(SEARCH("R",G67))+ISNUMBER(SEARCH("G",G67))+ISNUMBER(SEARCH("M",G67))+ISNUMBER(SEARCH("P",G67))+ISNUMBER(SEARCH("D",G67))+ISNUMBER(SEARCH("N",G67)) -> 7 | J67: =IFERROR(CHOOSE(H67-3,"Svarantara","Audava","Shadava","Sampoorna"),"Other") -> Shadava | K67: =IFERROR(CHOOSE(I67-3,"Svarantara","Audava","Shadava","Sampoorna"),"Other") -> Sampoorna | L67: =J67&" - "&K67 -> Shadava - Sampoorna | M67: Yes | N67: B - Common | O67: Wikipedia list (simplified) | P67: Check | Q67: Vakra in both directions. Wikipedia's ascent is S G2 R2 G2 M1 N2 D2 M1 N2 N2 S'; simplified here. | R67: 109
A68: 67 | B68: Bageshri | C68: Janya | D68: 22 | E68: 22 - Kharaharapriya | F68: S G2 M1 D2 N2 S' | G68: S' N2 D2 M1 P D2 G2 M1 R2 S | H68: =1+ISNUMBER(SEARCH("R",F68))+ISNUMBER(SEARCH("G",F68))+ISNUMBER(SEARCH("M",F68))+ISNUMBER(SEARCH("P",F68))+ISNUMBER(SEARCH("D",F68))+ISNUMBER(SEARCH("N",F68)) -> 5 | I68: =1+ISNUMBER(SEARCH("R",G68))+ISNUMBER(SEARCH("G",G68))+ISNUMBER(SEARCH("M",G68))+ISNUMBER(SEARCH("P",G68))+ISNUMBER(SEARCH("D",G68))+ISNUMBER(SEARCH("N",G68)) -> 7 | J68: =IFERROR(CHOOSE(H68-3,"Svarantara","Audava","Shadava","Sampoorna"),"Other") -> Audava | K68: =IFERROR(CHOOSE(I68-3,"Svarantara","Audava","Shadava","Sampoorna"),"Other") -> Sampoorna | L68: =J68&" - "&K68 -> Audava - Sampoorna | M68: Yes | N68: B - Common | O68: Wikipedia - List of Janya ragas | P68: High | Q68: Vakra descent. | R68: 112
A69: 68 | B69: Brindavana Saranga | C69: Janya | D69: 22 | E69: 22 - Kharaharapriya | F69: S R2 M1 P N3 S' | G69: S' N2 P M1 R2 S | H69: =1+ISNUMBER(SEARCH("R",F69))+ISNUMBER(SEARCH("G",F69))+ISNUMBER(SEARCH("M",F69))+ISNUMBER(SEARCH("P",F69))+ISNUMBER(SEARCH("D",F69))+ISNUMBER(SEARCH("N",F69)) -> 5 | I69: =1+ISNUMBER(SEARCH("R",G69))+ISNUMBER(SEARCH("G",G69))+ISNUMBER(SEARCH("M",G69))+ISNUMBER(SEARCH("P",G69))+ISNUMBER(SEARCH("D",G69))+ISNUMBER(SEARCH("N",G69)) -> 5 | J69: =IFERROR(CHOOSE(H69-3,"Svarantara","Audava","Shadava","Sampoorna"),"Other") -> Audava | K69: =IFERROR(CHOOSE(I69-3,"Svarantara","Audava","Shadava","Sampoorna"),"Other") -> Audava | L69: =J69&" - "&K69 -> Audava - Audava | M69: No | N69: B - Common | O69: Wikipedia list (descent simplified) | P69: Check | Q69: Your sheet lists parent 29; Wikipedia lists it under 22 (Kharaharapriya). Wikipedia's descent also has G2 R2 (S' N2 P M1 R2 G2 R2 S). | R69: 157
A70: 69 | B70: Kedaram | C70: Janya | D70: 29 | E70: 29 - Dheerasankarabharanam | F70: S M1 G3 M1 P N3 S' | G70: S' N3 P M1 G3 R2 S | H70: =1+ISNUMBER(SEARCH("R",F70))+ISNUMBER(SEARCH("G",F70))+ISNUMBER(SEARCH("M",F70))+ISNUMBER(SEARCH("P",F70))+ISNUMBER(SEARCH("D",F70))+ISNUMBER(SEARCH("N",F70)) -> 5 | I70: =1+ISNUMBER(SEARCH("R",G70))+ISNUMBER(SEARCH("G",G70))+ISNUMBER(SEARCH("M",G70))+ISNUMBER(SEARCH("P",G70))+ISNUMBER(SEARCH("D",G70))+ISNUMBER(SEARCH("N",G70)) -> 6 | J70: =IFERROR(CHOOSE(H70-3,"Svarantara","Audava","Shadava","Sampoorna"),"Other") -> Audava | K70: =IFERROR(CHOOSE(I70-3,"Svarantara","Audava","Shadava","Sampoorna"),"Other") -> Shadava | L70: =J70&" - "&K70 -> Audava - Shadava | M70: Yes | N70: B - Common | O70: Wikipedia - List of Janya ragas | P70: High | Q70: Vakra ascent. | R70: 146
A71: 70 | B71: Shuddha Saveri | C71: Janya | D71: 29 | E71: 29 - Dheerasankarabharanam | F71: S R2 M1 P D2 S' | G71: S' D2 P M1 R2 S | H71: =1+ISNUMBER(SEARCH("R",F71))+ISNUMBER(SEARCH("G",F71))+ISNUMBER(SEARCH("M",F71))+ISNUMBER(SEARCH("P",F71))+ISNUMBER(SEARCH("D",F71))+ISNUMBER(SEARCH("N",F71)) -> 5 | I71: =1+ISNUMBER(SEARCH("R",G71))+ISNUMBER(SEARCH("G",G71))+ISNUMBER(SEARCH("M",G71))+ISNUMBER(SEARCH("P",G71))+ISNUMBER(SEARCH("D",G71))+ISNUMBER(SEARCH("N",G71)) -> 5 | J71: =IFERROR(CHOOSE(H71-3,"Svarantara","Audava","Shadava","Sampoorna"),"Other") -> Audava | K71: =IFERROR(CHOOSE(I71-3,"Svarantara","Audava","Shadava","Sampoorna"),"Other") -> Audava | L71: =J71&" - "&K71 -> Audava - Audava | M71: No | N71: B - Common | O71: Wikipedia - List of Janya ragas | P71: High | R71: 147
A72: 71 | B72: Nilambari | C72: Janya | D72: 29 | E72: 29 - Dheerasankarabharanam | F72: S R2 G3 M1 P D2 P N3 S' | G72: S' N3 P M1 G3 R2 G3 S | H72: =1+ISNUMBER(SEARCH("R",F72))+ISNUMBER(SEARCH("G",F72))+ISNUMBER(SEARCH("M",F72))+ISNUMBER(SEARCH("P",F72))+ISNUMBER(SEARCH("D",F72))+ISNUMBER(SEARCH("N",F72)) -> 7 | I72: =1+ISNUMBER(SEARCH("R",G72))+ISNUMBER(SEARCH("G",G72))+ISNUMBER(SEARCH("M",G72))+ISNUMBER(SEARCH("P",G72))+ISNUMBER(SEARCH("D",G72))+ISNUMBER(SEARCH("N",G72)) -> 6 | J72: =IFERROR(CHOOSE(H72-3,"Svarantara","Audava","Shadava","Sampoorna"),"Other") -> Sampoorna | K72: =IFERROR(CHOOSE(I72-3,"Svarantara","Audava","Shadava","Sampoorna"),"Other") -> Shadava | L72: =J72&" - "&K72 -> Sampoorna - Shadava | M72: Yes | N72: B - Common | O72: Wikipedia - List of Janya ragas | P72: High | Q72: Vakra; N2 appears as an anya swara. | R72: 158
A73: 72 | B73: Kuntalavarali | C73: Janya | D73: 28 | E73: 28 - Harikambhoji | F73: S M1 P D2 N2 D2 S' | G73: S' N2 D2 P M1 S | H73: =1+ISNUMBER(SEARCH("R",F73))+ISNUMBER(SEARCH("G",F73))+ISNUMBER(SEARCH("M",F73))+ISNUMBER(SEARCH("P",F73))+ISNUMBER(SEARCH("D",F73))+ISNUMBER(SEARCH("N",F73)) -> 5 | I73: =1+ISNUMBER(SEARCH("R",G73))+ISNUMBER(SEARCH("G",G73))+ISNUMBER(SEARCH("M",G73))+ISNUMBER(SEARCH("P",G73))+ISNUMBER(SEARCH("D",G73))+ISNUMBER(SEARCH("N",G73)) -> 5 | J73: =IFERROR(CHOOSE(H73-3,"Svarantara","Audava","Shadava","Sampoorna"),"Other") -> Audava | K73: =IFERROR(CHOOSE(I73-3,"Svarantara","Audava","Shadava","Sampoorna"),"Other") -> Audava | L73: =J73&" - "&K73 -> Audava - Audava | M73: Yes | N73: B - Common | O73: Wikipedia - List of Janya ragas | P73: High | Q73: Vakra ascent. | R73: 130
A74: 73 | B74: Gowlipantu | C74: Janya | D74: 15 | E74: 15 - Mayamalavagowla | F74: S R1 M1 P N3 S' | G74: S' N3 D1 P M1 D1 M1 G3 R1 S | H74: =1+ISNUMBER(SEARCH("R",F74))+ISNUMBER(SEARCH("G",F74))+ISNUMBER(SEARCH("M",F74))+ISNUMBER(SEARCH("P",F74))+ISNUMBER(SEARCH("D",F74))+ISNUMBER(SEARCH("N",F74)) -> 5 | I74: =1+ISNUMBER(SEARCH("R",G74))+ISNUMBER(SEARCH("G",G74))+ISNUMBER(SEARCH("M",G74))+ISNUMBER(SEARCH("P",G74))+ISNUMBER(SEARCH("D",G74))+ISNUMBER(SEARCH("N",G74)) -> 7 | J74: =IFERROR(CHOOSE(H74-3,"Svarantara","Audava","Shadava","Sampoorna"),"Other") -> Audava | K74: =IFERROR(CHOOSE(I74-3,"Svarantara","Audava","Shadava","Sampoorna"),"Other") -> Sampoorna | L74: =J74&" - "&K74 -> Audava - Sampoorna | M74: Yes | N74: B - Common | O74: Wikipedia - List of Janya ragas | P74: Check | Q74: Vakra descent; sources differ on the exact scale. | R74: 86
A75: 74 | B75: Gambhira Nattai | C75: Janya | D75: 36 | E75: 36 - Chalanata | F75: S G3 M1 P N3 S' | G75: S' N3 P M1 G3 S | H75: =1+ISNUMBER(SEARCH("R",F75))+ISNUMBER(SEARCH("G",F75))+ISNUMBER(SEARCH("M",F75))+ISNUMBER(SEARCH("P",F75))+ISNUMBER(SEARCH("D",F75))+ISNUMBER(SEARCH("N",F75)) -> 5 | I75: =1+ISNUMBER(SEARCH("R",G75))+ISNUMBER(SEARCH("G",G75))+ISNUMBER(SEARCH("M",G75))+ISNUMBER(SEARCH("P",G75))+ISNUMBER(SEARCH("D",G75))+ISNUMBER(SEARCH("N",G75)) -> 5 | J75: =IFERROR(CHOOSE(H75-3,"Svarantara","Audava","Shadava","Sampoorna"),"Other") -> Audava | K75: =IFERROR(CHOOSE(I75-3,"Svarantara","Audava","Shadava","Sampoorna"),"Other") -> Audava | L75: =J75&" - "&K75 -> Audava - Audava | M75: No | N75: B - Common | O75: Wikipedia - List of Janya ragas | P75: High | R75: 161
A76: 75 | B76: Madhuvanti | C76: Janya | D76: 59 | E76: 59 - Dharmavati | F76: S G2 M2 P N3 S' | G76: S' N3 D2 P M2 G2 R2 S | H76: =1+ISNUMBER(SEARCH("R",F76))+ISNUMBER(SEARCH("G",F76))+ISNUMBER(SEARCH("M",F76))+ISNUMBER(SEARCH("P",F76))+ISNUMBER(SEARCH("D",F76))+ISNUMBER(SEARCH("N",F76)) -> 5 | I76: =1+ISNUMBER(SEARCH("R",G76))+ISNUMBER(SEARCH("G",G76))+ISNUMBER(SEARCH("M",G76))+ISNUMBER(SEARCH("P",G76))+ISNUMBER(SEARCH("D",G76))+ISNUMBER(SEARCH("N",G76)) -> 7 | J76: =IFERROR(CHOOSE(H76-3,"Svarantara","Audava","Shadava","Sampoorna"),"Other") -> Audava | K76: =IFERROR(CHOOSE(I76-3,"Svarantara","Audava","Shadava","Sampoorna"),"Other") -> Sampoorna | L76: =J76&" - "&K76 -> Audava - Sampoorna | M76: No | N76: B - Common | O76: Wikipedia - List of Janya ragas | P76: High | Q76: Hindustani-origin raga. | R76: 165
A77: 76 | B77: Nadanamakriya | C77: Janya | D77: 15 | E77: 15 - Mayamalavagowla | F77: S R1 G3 M1 P D1 N3 | G77: N3 D1 P M1 G3 R1 S N3 | H77: =1+ISNUMBER(SEARCH("R",F77))+ISNUMBER(SEARCH("G",F77))+ISNUMBER(SEARCH("M",F77))+ISNUMBER(SEARCH("P",F77))+ISNUMBER(SEARCH("D",F77))+ISNUMBER(SEARCH("N",F77)) -> 7 | I77: =1+ISNUMBER(SEARCH("R",G77))+ISNUMBER(SEARCH("G",G77))+ISNUMBER(SEARCH("M",G77))+ISNUMBER(SEARCH("P",G77))+ISNUMBER(SEARCH("D",G77))+ISNUMBER(SEARCH("N",G77)) -> 7 | J77: =IFERROR(CHOOSE(H77-3,"Svarantara","Audava","Shadava","Sampoorna"),"Other") -> Sampoorna | K77: =IFERROR(CHOOSE(I77-3,"Svarantara","Audava","Shadava","Sampoorna"),"Other") -> Sampoorna | L77: =J77&" - "&K77 -> Sampoorna - Sampoorna | M77: No | N77: B - Common | O77: Wikipedia - List of Janya ragas | P77: Check | Q77: Nishadantya-style (N3 to N3, one octave); vakra phrases in practice. | R77: 91
A78: 77 | B78: Karnataka Behag | C78: Janya | D78: 28 | E78: 28 - Harikambhoji | F78: S R2 G3 M1 P D2 N2 S' | G78: S' N2 D2 N2 P D2 M1 G3 R2 S | H78: =1+ISNUMBER(SEARCH("R",F78))+ISNUMBER(SEARCH("G",F78))+ISNUMBER(SEARCH("M",F78))+ISNUMBER(SEARCH("P",F78))+ISNUMBER(SEARCH("D",F78))+ISNUMBER(SEARCH("N",F78)) -> 7 | I78: =1+ISNUMBER(SEARCH("R",G78))+ISNUMBER(SEARCH("G",G78))+ISNUMBER(SEARCH("M",G78))+ISNUMBER(SEARCH("P",G78))+ISNUMBER(SEARCH("D",G78))+ISNUMBER(SEARCH("N",G78)) -> 7 | J78: =IFERROR(CHOOSE(H78-3,"Svarantara","Audava","Shadava","Sampoorna"),"Other") -> Sampoorna | K78: =IFERROR(CHOOSE(I78-3,"Svarantara","Audava","Shadava","Sampoorna"),"Other") -> Sampoorna | L78: =J78&" - "&K78 -> Sampoorna - Sampoorna | M78: Yes | N78: B - Common | O78: Wikipedia - List of Janya ragas | P78: Check | Q78: Your sheet lists parent 29; the N2 in the scale points to 28 (Harikambhoji). Vakra descent. | R78: 149
A79: 78 | B79: Gayakapriya | C79: Melakarta | D79: 13 | E79: (is a melakarta) | F79: S R1 G3 M1 P D1 N1 S' | G79: S' N1 D1 P M1 G3 R1 S | H79: =1+ISNUMBER(SEARCH("R",F79))+ISNUMBER(SEARCH("G",F79))+ISNUMBER(SEARCH("M",F79))+ISNUMBER(SEARCH("P",F79))+ISNUMBER(SEARCH("D",F79))+ISNUMBER(SEARCH("N",F79)) -> 7 | I79: =1+ISNUMBER(SEARCH("R",G79))+ISNUMBER(SEARCH("G",G79))+ISNUMBER(SEARCH("M",G79))+ISNUMBER(SEARCH("P",G79))+ISNUMBER(SEARCH("D",G79))+ISNUMBER(SEARCH("N",G79)) -> 7 | J79: =IFERROR(CHOOSE(H79-3,"Svarantara","Audava","Shadava","Sampoorna"),"Other") -> Sampoorna | K79: =IFERROR(CHOOSE(I79-3,"Svarantara","Audava","Shadava","Sampoorna"),"Other") -> Sampoorna | L79: =J79&" - "&K79 -> Sampoorna - Sampoorna | M79: No | N79: C - Less common | O79: Your sheet (systematic) | P79: High | R79: 13
A80: 79 | B80: Vakulabharanam | C80: Melakarta | D80: 14 | E80: (is a melakarta) | F80: S R1 G3 M1 P D1 N2 S' | G80: S' N2 D1 P M1 G3 R1 S | H80: =1+ISNUMBER(SEARCH("R",F80))+ISNUMBER(SEARCH("G",F80))+ISNUMBER(SEARCH("M",F80))+ISNUMBER(SEARCH("P",F80))+ISNUMBER(SEARCH("D",F80))+ISNUMBER(SEARCH("N",F80)) -> 7 | I80: =1+ISNUMBER(SEARCH("R",G80))+ISNUMBER(SEARCH("G",G80))+ISNUMBER(SEARCH("M",G80))+ISNUMBER(SEARCH("P",G80))+ISNUMBER(SEARCH("D",G80))+ISNUMBER(SEARCH("N",G80)) -> 7 | J80: =IFERROR(CHOOSE(H80-3,"Svarantara","Audava","Shadava","Sampoorna"),"Other") -> Sampoorna | K80: =IFERROR(CHOOSE(I80-3,"Svarantara","Audava","Shadava","Sampoorna"),"Other") -> Sampoorna | L80: =J80&" - "&K80 -> Sampoorna - Sampoorna | M80: No | N80: C - Less common | O80: Your sheet (systematic) | P80: High | R80: 14
A81: 80 | B81: Jhankaradhvani | C81: Melakarta | D81: 19 | E81: (is a melakarta) | F81: S R2 G2 M1 P D1 N1 S' | G81: S' N1 D1 P M1 G2 R2 S | H81: =1+ISNUMBER(SEARCH("R",F81))+ISNUMBER(SEARCH("G",F81))+ISNUMBER(SEARCH("M",F81))+ISNUMBER(SEARCH("P",F81))+ISNUMBER(SEARCH("D",F81))+ISNUMBER(SEARCH("N",F81)) -> 7 | I81: =1+ISNUMBER(SEARCH("R",G81))+ISNUMBER(SEARCH("G",G81))+ISNUMBER(SEARCH("M",G81))+ISNUMBER(SEARCH("P",G81))+ISNUMBER(SEARCH("D",G81))+ISNUMBER(SEARCH("N",G81)) -> 7 | J81: =IFERROR(CHOOSE(H81-3,"Svarantara","Audava","Shadava","Sampoorna"),"Other") -> Sampoorna | K81: =IFERROR(CHOOSE(I81-3,"Svarantara","Audava","Shadava","Sampoorna"),"Other") -> Sampoorna | L81: =J81&" - "&K81 -> Sampoorna - Sampoorna | M81: No | N81: C - Less common | O81: Your sheet (systematic) | P81: High | R81: 19
A82: 81 | B82: Subhapantuvarali | C82: Melakarta | D82: 45 | E82: (is a melakarta) | F82: S R1 G2 M2 P D1 N3 S' | G82: S' N3 D1 P M2 G2 R1 S | H82: =1+ISNUMBER(SEARCH("R",F82))+ISNUMBER(SEARCH("G",F82))+ISNUMBER(SEARCH("M",F82))+ISNUMBER(SEARCH("P",F82))+ISNUMBER(SEARCH("D",F82))+ISNUMBER(SEARCH("N",F82)) -> 7 | I82: =1+ISNUMBER(SEARCH("R",G82))+ISNUMBER(SEARCH("G",G82))+ISNUMBER(SEARCH("M",G82))+ISNUMBER(SEARCH("P",G82))+ISNUMBER(SEARCH("D",G82))+ISNUMBER(SEARCH("N",G82)) -> 7 | J82: =IFERROR(CHOOSE(H82-3,"Svarantara","Audava","Shadava","Sampoorna"),"Other") -> Sampoorna | K82: =IFERROR(CHOOSE(I82-3,"Svarantara","Audava","Shadava","Sampoorna"),"Other") -> Sampoorna | L82: =J82&" - "&K82 -> Sampoorna - Sampoorna | M82: No | N82: C - Less common | O82: Your sheet (systematic) | P82: High | R82: 45
A83: 82 | B83: Ramapriya | C83: Melakarta | D83: 52 | E83: (is a melakarta) | F83: S R1 G3 M2 P D2 N2 S' | G83: S' N2 D2 P M2 G3 R1 S | H83: =1+ISNUMBER(SEARCH("R",F83))+ISNUMBER(SEARCH("G",F83))+ISNUMBER(SEARCH("M",F83))+ISNUMBER(SEARCH("P",F83))+ISNUMBER(SEARCH("D",F83))+ISNUMBER(SEARCH("N",F83)) -> 7 | I83: =1+ISNUMBER(SEARCH("R",G83))+ISNUMBER(SEARCH("G",G83))+ISNUMBER(SEARCH("M",G83))+ISNUMBER(SEARCH("P",G83))+ISNUMBER(SEARCH("D",G83))+ISNUMBER(SEARCH("N",G83)) -> 7 | J83: =IFERROR(CHOOSE(H83-3,"Svarantara","Audava","Shadava","Sampoorna"),"Other") -> Sampoorna | K83: =IFERROR(CHOOSE(I83-3,"Svarantara","Audava","Shadava","Sampoorna"),"Other") -> Sampoorna | L83: =J83&" - "&K83 -> Sampoorna - Sampoorna | M83: No | N83: C - Less common | O83: Your sheet (systematic) | P83: High | R83: 52
A84: 83 | B84: Latangi | C84: Melakarta | D84: 63 | E84: (is a melakarta) | F84: S R2 G3 M2 P D1 N3 S' | G84: S' N3 D1 P M2 G3 R2 S | H84: =1+ISNUMBER(SEARCH("R",F84))+ISNUMBER(SEARCH("G",F84))+ISNUMBER(SEARCH("M",F84))+ISNUMBER(SEARCH("P",F84))+ISNUMBER(SEARCH("D",F84))+ISNUMBER(SEARCH("N",F84)) -> 7 | I84: =1+ISNUMBER(SEARCH("R",G84))+ISNUMBER(SEARCH("G",G84))+ISNUMBER(SEARCH("M",G84))+ISNUMBER(SEARCH("P",G84))+ISNUMBER(SEARCH("D",G84))+ISNUMBER(SEARCH("N",G84)) -> 7 | J84: =IFERROR(CHOOSE(H84-3,"Svarantara","Audava","Shadava","Sampoorna"),"Other") -> Sampoorna | K84: =IFERROR(CHOOSE(I84-3,"Svarantara","Audava","Shadava","Sampoorna"),"Other") -> Sampoorna | L84: =J84&" - "&K84 -> Sampoorna - Sampoorna | M84: No | N84: C - Less common | O84: Your sheet (systematic) | P84: High | R84: 63
A85: 84 | B85: Chitrambari | C85: Melakarta | D85: 66 | E85: (is a melakarta) | F85: S R2 G3 M2 P D3 N3 S' | G85: S' N3 D3 P M2 G3 R2 S | H85: =1+ISNUMBER(SEARCH("R",F85))+ISNUMBER(SEARCH("G",F85))+ISNUMBER(SEARCH("M",F85))+ISNUMBER(SEARCH("P",F85))+ISNUMBER(SEARCH("D",F85))+ISNUMBER(SEARCH("N",F85)) -> 7 | I85: =1+ISNUMBER(SEARCH("R",G85))+ISNUMBER(SEARCH("G",G85))+ISNUMBER(SEARCH("M",G85))+ISNUMBER(SEARCH("P",G85))+ISNUMBER(SEARCH("D",G85))+ISNUMBER(SEARCH("N",G85)) -> 7 | J85: =IFERROR(CHOOSE(H85-3,"Svarantara","Audava","Shadava","Sampoorna"),"Other") -> Sampoorna | K85: =IFERROR(CHOOSE(I85-3,"Svarantara","Audava","Shadava","Sampoorna"),"Other") -> Sampoorna | L85: =J85&" - "&K85 -> Sampoorna - Sampoorna | M85: No | N85: C - Less common | O85: Your sheet (systematic) | P85: High | R85: 66
A86: 85 | B86: Sindhu Ramakriya | C86: Janya | D86: 15 | E86: 15 - Mayamalavagowla | F86: S G3 M1 P D1 N3 S' | G86: S' N3 P M1 G3 R1 G3 S | H86: =1+ISNUMBER(SEARCH("R",F86))+ISNUMBER(SEARCH("G",F86))+ISNUMBER(SEARCH("M",F86))+ISNUMBER(SEARCH("P",F86))+ISNUMBER(SEARCH("D",F86))+ISNUMBER(SEARCH("N",F86)) -> 6 | I86: =1+ISNUMBER(SEARCH("R",G86))+ISNUMBER(SEARCH("G",G86))+ISNUMBER(SEARCH("M",G86))+ISNUMBER(SEARCH("P",G86))+ISNUMBER(SEARCH("D",G86))+ISNUMBER(SEARCH("N",G86)) -> 6 | J86: =IFERROR(CHOOSE(H86-3,"Svarantara","Audava","Shadava","Sampoorna"),"Other") -> Shadava | K86: =IFERROR(CHOOSE(I86-3,"Svarantara","Audava","Shadava","Sampoorna"),"Other") -> Shadava | L86: =J86&" - "&K86 -> Shadava - Shadava | M86: Yes | N86: C - Less common | O86: Wikipedia - List of Janya ragas | P86: Check | Q86: Your sheet lists parent 8; Wikipedia lists 15 (N3 in the scale). Vakra descent. | R86: 78
A87: 86 | B87: Ramakriya | C87: Janya | D87: 15 | E87: 15 - Mayamalavagowla | F87: S G3 M1 P D1 N3 S' | G87: S' N3 P D1 P M1 G3 R1 S | H87: =1+ISNUMBER(SEARCH("R",F87))+ISNUMBER(SEARCH("G",F87))+ISNUMBER(SEARCH("M",F87))+ISNUMBER(SEARCH("P",F87))+ISNUMBER(SEARCH("D",F87))+ISNUMBER(SEARCH("N",F87)) -> 6 | I87: =1+ISNUMBER(SEARCH("R",G87))+ISNUMBER(SEARCH("G",G87))+ISNUMBER(SEARCH("M",G87))+ISNUMBER(SEARCH("P",G87))+ISNUMBER(SEARCH("D",G87))+ISNUMBER(SEARCH("N",G87)) -> 7 | J87: =IFERROR(CHOOSE(H87-3,"Svarantara","Audava","Shadava","Sampoorna"),"Other") -> Shadava | K87: =IFERROR(CHOOSE(I87-3,"Svarantara","Audava","Shadava","Sampoorna"),"Other") -> Sampoorna | L87: =J87&" - "&K87 -> Shadava - Sampoorna | M87: Yes | N87: C - Less common | O87: Wikipedia - List of Janya ragas | P87: Check | Q87: Vakra descent. | R87: 96
A88: 87 | B88: Gundakriya | C88: Janya | D88: 15 | E88: 15 - Mayamalavagowla | F88: S R1 M1 P N3 S' | G88: S' N3 P D1 P M1 G3 R1 S | H88: =1+ISNUMBER(SEARCH("R",F88))+ISNUMBER(SEARCH("G",F88))+ISNUMBER(SEARCH("M",F88))+ISNUMBER(SEARCH("P",F88))+ISNUMBER(SEARCH("D",F88))+ISNUMBER(SEARCH("N",F88)) -> 5 | I88: =1+ISNUMBER(SEARCH("R",G88))+ISNUMBER(SEARCH("G",G88))+ISNUMBER(SEARCH("M",G88))+ISNUMBER(SEARCH("P",G88))+ISNUMBER(SEARCH("D",G88))+ISNUMBER(SEARCH("N",G88)) -> 7 | J88: =IFERROR(CHOOSE(H88-3,"Svarantara","Audava","Shadava","Sampoorna"),"Other") -> Audava | K88: =IFERROR(CHOOSE(I88-3,"Svarantara","Audava","Shadava","Sampoorna"),"Other") -> Sampoorna | L88: =J88&" - "&K88 -> Audava - Sampoorna | M88: Yes | N88: C - Less common | O88: Wikipedia - List of Janya ragas | P88: Check | Q88: Vakra descent. | R88: 92
A89: 88 | B89: Salagabhairavi | C89: Janya | D89: 22 | E89: 22 - Kharaharapriya | F89: S R2 M1 P D2 S' | G89: S' N2 D2 P M1 G2 R2 S | H89: =1+ISNUMBER(SEARCH("R",F89))+ISNUMBER(SEARCH("G",F89))+ISNUMBER(SEARCH("M",F89))+ISNUMBER(SEARCH("P",F89))+ISNUMBER(SEARCH("D",F89))+ISNUMBER(SEARCH("N",F89)) -> 5 | I89: =1+ISNUMBER(SEARCH("R",G89))+ISNUMBER(SEARCH("G",G89))+ISNUMBER(SEARCH("M",G89))+ISNUMBER(SEARCH("P",G89))+ISNUMBER(SEARCH("D",G89))+ISNUMBER(SEARCH("N",G89)) -> 7 | J89: =IFERROR(CHOOSE(H89-3,"Svarantara","Audava","Shadava","Sampoorna"),"Other") -> Audava | K89: =IFERROR(CHOOSE(I89-3,"Svarantara","Audava","Shadava","Sampoorna"),"Other") -> Sampoorna | L89: =J89&" - "&K89 -> Audava - Sampoorna | M89: No | N89: C - Less common | O89: Wikipedia - List of Janya ragas | P89: Check | Q89: Your sheet lists parent 8; Wikipedia lists 22. Sources differ - verify. | R89: 77
A90: 89 | B90: Jayamanohari | C90: Janya | D90: 22 | E90: 22 - Kharaharapriya | F90: S R2 G2 M1 D2 S' | G90: S' N2 D2 M1 G2 R2 S | H90: =1+ISNUMBER(SEARCH("R",F90))+ISNUMBER(SEARCH("G",F90))+ISNUMBER(SEARCH("M",F90))+ISNUMBER(SEARCH("P",F90))+ISNUMBER(SEARCH("D",F90))+ISNUMBER(SEARCH("N",F90)) -> 5 | I90: =1+ISNUMBER(SEARCH("R",G90))+ISNUMBER(SEARCH("G",G90))+ISNUMBER(SEARCH("M",G90))+ISNUMBER(SEARCH("P",G90))+ISNUMBER(SEARCH("D",G90))+ISNUMBER(SEARCH("N",G90)) -> 6 | J90: =IFERROR(CHOOSE(H90-3,"Svarantara","Audava","Shadava","Sampoorna"),"Other") -> Audava | K90: =IFERROR(CHOOSE(I90-3,"Svarantara","Audava","Shadava","Sampoorna"),"Other") -> Shadava | L90: =J90&" - "&K90 -> Audava - Shadava | M90: No | N90: C - Less common | O90: Wikipedia - List of Janya ragas | P90: Check | Q90: Your sheet lists parent 20; Wikipedia lists 22. | R90: 104
A91: 90 | B91: Kannadagowla | C91: Janya | D91: 22 | E91: 22 - Kharaharapriya | F91: S R2 G2 M1 P N2 S' | G91: S' N2 D2 P M1 G2 S | H91: =1+ISNUMBER(SEARCH("R",F91))+ISNUMBER(SEARCH("G",F91))+ISNUMBER(SEARCH("M",F91))+ISNUMBER(SEARCH("P",F91))+ISNUMBER(SEARCH("D",F91))+ISNUMBER(SEARCH("N",F91)) -> 6 | I91: =1+ISNUMBER(SEARCH("R",G91))+ISNUMBER(SEARCH("G",G91))+ISNUMBER(SEARCH("M",G91))+ISNUMBER(SEARCH("P",G91))+ISNUMBER(SEARCH("D",G91))+ISNUMBER(SEARCH("N",G91)) -> 6 | J91: =IFERROR(CHOOSE(H91-3,"Svarantara","Audava","Shadava","Sampoorna"),"Other") -> Shadava | K91: =IFERROR(CHOOSE(I91-3,"Svarantara","Audava","Shadava","Sampoorna"),"Other") -> Shadava | L91: =J91&" - "&K91 -> Shadava - Shadava | M91: No | N91: C - Less common | O91: Wikipedia - List of Janya ragas | P91: Check | Q91: Your sheet lists parent 15; Wikipedia lists 22. | R91: 93
A92: 91 | B92: Devamanohari | C92: Janya | D92: 22 | E92: 22 - Kharaharapriya | F92: S R2 M1 P D2 N2 S' | G92: S' N2 D2 N2 P M1 R2 S | H92: =1+ISNUMBER(SEARCH("R",F92))+ISNUMBER(SEARCH("G",F92))+ISNUMBER(SEARCH("M",F92))+ISNUMBER(SEARCH("P",F92))+ISNUMBER(SEARCH("D",F92))+ISNUMBER(SEARCH("N",F92)) -> 6 | I92: =1+ISNUMBER(SEARCH("R",G92))+ISNUMBER(SEARCH("G",G92))+ISNUMBER(SEARCH("M",G92))+ISNUMBER(SEARCH("P",G92))+ISNUMBER(SEARCH("D",G92))+ISNUMBER(SEARCH("N",G92)) -> 6 | J92: =IFERROR(CHOOSE(H92-3,"Svarantara","Audava","Shadava","Sampoorna"),"Other") -> Shadava | K92: =IFERROR(CHOOSE(I92-3,"Svarantara","Audava","Shadava","Sampoorna"),"Other") -> Shadava | L92: =J92&" - "&K92 -> Shadava - Shadava | M92: Yes | N92: C - Less common | O92: Wikipedia - List of Janya ragas | P92: Check | Q92: Your sheet lists parent 20; Wikipedia lists 22. Vakra descent. | R92: 103
A93: 92 | B93: Vasantabhairavi | C93: Janya | D93: 14 | E93: 14 - Vakulabharanam | F93: S R1 G3 M1 D1 N2 S' | G93: S' N2 D1 M1 P M1 G3 R1 S | H93: =1+ISNUMBER(SEARCH("R",F93))+ISNUMBER(SEARCH("G",F93))+ISNUMBER(SEARCH("M",F93))+ISNUMBER(SEARCH("P",F93))+ISNUMBER(SEARCH("D",F93))+ISNUMBER(SEARCH("N",F93)) -> 6 | I93: =1+ISNUMBER(SEARCH("R",G93))+ISNUMBER(SEARCH("G",G93))+ISNUMBER(SEARCH("M",G93))+ISNUMBER(SEARCH("P",G93))+ISNUMBER(SEARCH("D",G93))+ISNUMBER(SEARCH("N",G93)) -> 7 | J93: =IFERROR(CHOOSE(H93-3,"Svarantara","Audava","Shadava","Sampoorna"),"Other") -> Shadava | K93: =IFERROR(CHOOSE(I93-3,"Svarantara","Audava","Shadava","Sampoorna"),"Other") -> Sampoorna | L93: =J93&" - "&K93 -> Shadava - Sampoorna | M93: Yes | N93: C - Less common | O93: Wikipedia - List of Janya ragas | P93: Check | Q93: Your sheet lists parent 20; Wikipedia lists 14 (R1 G3 in the scale). Vakra descent. | R93: 106
A94: 93 | B94: Valaji | C94: Janya | D94: 16 | E94: 16 - Chakravakam | F94: S G3 P D2 N2 S' | G94: S' N2 D2 P G3 S | H94: =1+ISNUMBER(SEARCH("R",F94))+ISNUMBER(SEARCH("G",F94))+ISNUMBER(SEARCH("M",F94))+ISNUMBER(SEARCH("P",F94))+ISNUMBER(SEARCH("D",F94))+ISNUMBER(SEARCH("N",F94)) -> 5 | I94: =1+ISNUMBER(SEARCH("R",G94))+ISNUMBER(SEARCH("G",G94))+ISNUMBER(SEARCH("M",G94))+ISNUMBER(SEARCH("P",G94))+ISNUMBER(SEARCH("D",G94))+ISNUMBER(SEARCH("N",G94)) -> 5 | J94: =IFERROR(CHOOSE(H94-3,"Svarantara","Audava","Shadava","Sampoorna"),"Other") -> Audava | K94: =IFERROR(CHOOSE(I94-3,"Svarantara","Audava","Shadava","Sampoorna"),"Other") -> Audava | L94: =J94&" - "&K94 -> Audava - Audava | M94: No | N94: C - Less common | O94: Wikipedia - List of Janya ragas | P94: Check | Q94: Your sheet lists parent 29; Wikipedia lists 16. | R94: 150
A95: 94 | B95: Devagandhari | C95: Janya | D95: 29 | E95: 29 - Dheerasankarabharanam | F95: S R2 M1 P D2 S' | G95: S' N3 D2 P M1 G3 R2 S | H95: =1+ISNUMBER(SEARCH("R",F95))+ISNUMBER(SEARCH("G",F95))+ISNUMBER(SEARCH("M",F95))+ISNUMBER(SEARCH("P",F95))+ISNUMBER(SEARCH("D",F95))+ISNUMBER(SEARCH("N",F95)) -> 5 | I95: =1+ISNUMBER(SEARCH("R",G95))+ISNUMBER(SEARCH("G",G95))+ISNUMBER(SEARCH("M",G95))+ISNUMBER(SEARCH("P",G95))+ISNUMBER(SEARCH("D",G95))+ISNUMBER(SEARCH("N",G95)) -> 7 | J95: =IFERROR(CHOOSE(H95-3,"Svarantara","Audava","Shadava","Sampoorna"),"Other") -> Audava | K95: =IFERROR(CHOOSE(I95-3,"Svarantara","Audava","Shadava","Sampoorna"),"Other") -> Sampoorna | L95: =J95&" - "&K95 -> Audava - Sampoorna | M95: No | N95: C - Less common | O95: Wikipedia - List of Janya ragas | P95: Check | Q95: N2 appears as an anya swara. | R95: 143
A96: 95 | B96: Paraju | C96: Janya | D96: 15 | E96: 15 - Mayamalavagowla | F96: S G3 M1 P D1 N3 S' | G96: S' N3 D1 P M1 G3 R1 S | H96: =1+ISNUMBER(SEARCH("R",F96))+ISNUMBER(SEARCH("G",F96))+ISNUMBER(SEARCH("M",F96))+ISNUMBER(SEARCH("P",F96))+ISNUMBER(SEARCH("D",F96))+ISNUMBER(SEARCH("N",F96)) -> 6 | I96: =1+ISNUMBER(SEARCH("R",G96))+ISNUMBER(SEARCH("G",G96))+ISNUMBER(SEARCH("M",G96))+ISNUMBER(SEARCH("P",G96))+ISNUMBER(SEARCH("D",G96))+ISNUMBER(SEARCH("N",G96)) -> 7 | J96: =IFERROR(CHOOSE(H96-3,"Svarantara","Audava","Shadava","Sampoorna"),"Other") -> Shadava | K96: =IFERROR(CHOOSE(I96-3,"Svarantara","Audava","Shadava","Sampoorna"),"Other") -> Sampoorna | L96: =J96&" - "&K96 -> Shadava - Sampoorna | M96: No | N96: C - Less common | O96: Wikipedia - List of Janya ragas | P96: Check | Q96: Hindustani (Paraj) origin. | R96: 97
A97: 96 | B97: Gurjari | C97: Janya | D97: 15 | E97: 15 - Mayamalavagowla | F97: S R1 G3 M1 P D1 N3 S' | G97: S' D1 N3 P M1 G3 R1 S | H97: =1+ISNUMBER(SEARCH("R",F97))+ISNUMBER(SEARCH("G",F97))+ISNUMBER(SEARCH("M",F97))+ISNUMBER(SEARCH("P",F97))+ISNUMBER(SEARCH("D",F97))+ISNUMBER(SEARCH("N",F97)) -> 7 | I97: =1+ISNUMBER(SEARCH("R",G97))+ISNUMBER(SEARCH("G",G97))+ISNUMBER(SEARCH("M",G97))+ISNUMBER(SEARCH("P",G97))+ISNUMBER(SEARCH("D",G97))+ISNUMBER(SEARCH("N",G97)) -> 7 | J97: =IFERROR(CHOOSE(H97-3,"Svarantara","Audava","Shadava","Sampoorna"),"Other") -> Sampoorna | K97: =IFERROR(CHOOSE(I97-3,"Svarantara","Audava","Shadava","Sampoorna"),"Other") -> Sampoorna | L97: =J97&" - "&K97 -> Sampoorna - Sampoorna | M97: Yes | N97: C - Less common | O97: Wikipedia - List of Janya ragas | P97: Check | Q97: Your sheet lists parent 8; Wikipedia lists 15. Vakra descent. | R97: 81
... A99: 98 | B99: Nayaki | C99: Janya | D99: 22 | E99: 22 - Kharaharapriya | F99: S R2 M1 P D2 N2 D2 P S' | G99: S' N2 D2 P M1 R2 G2 R2 S | H99: =1+ISNUMBER(SEARCH("R",F99))+ISNUMBER(SEARCH("G",F99))+ISNUMBER(SEARCH("M",F99))+ISNUMBER(SEARCH("P",F99))+ISNUMBER(SEARCH("D",F99))+ISNUMBER(SEARCH("N",F99)) -> 6 | I99: =1+ISNUMBER(SEARCH("R",G99))+ISNUMBER(SEARCH("G",G99))+ISNUMBER(SEARCH("M",G99))+ISNUMBER(SEARCH("P",G99))+ISNUMBER(SEARCH("D",G99))+ISNUMBER(SEARCH("N",G99)) -> 7 | J99: =IFERROR(CHOOSE(H99-3,"Svarantara","Audava","Shadava","Sampoorna"),"Other") -> Shadava | K99: =IFERROR(CHOOSE(I99-3,"Svarantara","Audava","Shadava","Sampoorna"),"Other") -> Sampoorna | L99: =J99&" - "&K99 -> Shadava - Sampoorna | M99: Yes | N99: C - Less common | O99: Wikipedia - List of Janya ragas | P99: Check | Q99: Vakra. | R99: 118
A100: 99 | B100: Manirangu | C100: Janya | D100: 22 | E100: 22 - Kharaharapriya | F100: S R2 M1 P N2 S' | G100: S' N2 P M1 G2 R2 S | H100: =1+ISNUMBER(SEARCH("R",F100))+ISNUMBER(SEARCH("G",F100))+ISNUMBER(SEARCH("M",F100))+ISNUMBER(SEARCH("P",F100))+ISNUMBER(SEARCH("D",F100))+ISNUMBER(SEARCH("N",F100)) -> 5 | I100: =1+ISNUMBER(SEARCH("R",G100))+ISNUMBER(SEARCH("G",G100))+ISNUMBER(SEARCH("M",G100))+ISNUMBER(SEARCH("P",G100))+ISNUMBER(SEARCH("D",G100))+ISNUMBER(SEARCH("N",G100)) -> 6 | J100: =IFERROR(CHOOSE(H100-3,"Svarantara","Audava","Shadava","Sampoorna"),"Other") -> Audava | K100: =IFERROR(CHOOSE(I100-3,"Svarantara","Audava","Shadava","Sampoorna"),"Other") -> Shadava | L100: =J100&" - "&K100 -> Audava - Shadava | M100: No | N100: C - Less common | O100: Wikipedia - List of Janya ragas | P100: Check | R100: 119
A101: 100 | B101: Narayanagowla | C101: Janya | D101: 28 | E101: 28 - Harikambhoji | F101: S R2 M1 P N2 D2 N2 S' | G101: S' N2 D2 P M1 G3 R2 G3 S | H101: =1+ISNUMBER(SEARCH("R",F101))+ISNUMBER(SEARCH("G",F101))+ISNUMBER(SEARCH("M",F101))+ISNUMBER(SEARCH("P",F101))+ISNUMBER(SEARCH("D",F101))+ISNUMBER(SEARCH("N",F101)) -> 6 | I101: =1+ISNUMBER(SEARCH("R",G101))+ISNUMBER(SEARCH("G",G101))+ISNUMBER(SEARCH("M",G101))+ISNUMBER(SEARCH("P",G101))+ISNUMBER(SEARCH("D",G101))+ISNUMBER(SEARCH("N",G101)) -> 7 | J101: =IFERROR(CHOOSE(H101-3,"Svarantara","Audava","Shadava","Sampoorna"),"Other") -> Shadava | K101: =IFERROR(CHOOSE(I101-3,"Svarantara","Audava","Shadava","Sampoorna"),"Other") -> Sampoorna | L101: =J101&" - "&K101 -> Shadava - Sampoorna | M101: Yes | N101: C - Less common | O101: Wikipedia - List of Janya ragas | P101: Check | Q101: Your sheet lists parent 15; Wikipedia lists 28. Vakra. | R101: 94

Sheet Summary
A1: Summary - Top 100 ragas
A3: Raga class matrix (rows = arohanam, columns = avarohanam)
A4: Arohanam \ Avarohanam | B4: Sampoorna | C4: Shadava | D4: Audava
A5: Sampoorna | B5: =COUNTIFS('Top 100 Ragas'!$J$2:$J$101,$A5,'Top 100 Ragas'!$K$2:$K$101,B$4) -> 38 | C5: =COUNTIFS('Top 100 Ragas'!$J$2:$J$101,$A5,'Top 100 Ragas'!$K$2:$K$101,C$4) -> 1 | D5: =COUNTIFS('Top 100 Ragas'!$J$2:$J$101,$A5,'Top 100 Ragas'!$K$2:$K$101,D$4) -> 0
A6: Shadava | B6: =COUNTIFS('Top 100 Ragas'!$J$2:$J$101,$A6,'Top 100 Ragas'!$K$2:$K$101,B$4) -> 15 | C6: =COUNTIFS('Top 100 Ragas'!$J$2:$J$101,$A6,'Top 100 Ragas'!$K$2:$K$101,C$4) -> 7 | D6: =COUNTIFS('Top 100 Ragas'!$J$2:$J$101,$A6,'Top 100 Ragas'!$K$2:$K$101,D$4) -> 0
A7: Audava | B7: =COUNTIFS('Top 100 Ragas'!$J$2:$J$101,$A7,'Top 100 Ragas'!$K$2:$K$101,B$4) -> 17 | C7: =COUNTIFS('Top 100 Ragas'!$J$2:$J$101,$A7,'Top 100 Ragas'!$K$2:$K$101,C$4) -> 8 | D7: =COUNTIFS('Top 100 Ragas'!$J$2:$J$101,$A7,'Top 100 Ragas'!$K$2:$K$101,D$4) -> 14
A8: Total (classified) | B8: =SUM(B5:D7) -> 100
A9: Other / Svarantara | B9: =COUNTA('Top 100 Ragas'!$B$2:$B$101)-B8 -> 0
A11: Other breakdowns
A12: Melakarta (always Sampoorna - Sampoorna) | B12: =COUNTIF('Top 100 Ragas'!$C$2:$C$101,"Melakarta") -> 28
A13: Janya | B13: =COUNTIF('Top 100 Ragas'!$C$2:$C$101,"Janya") -> 72
A14: Pentatonic both ways (Audava - Audava) | B14: =COUNTIFS('Top 100 Ragas'!$J$2:$J$101,"Audava",'Top 100 Ragas'!$K$2:$K$101,"Audava") -> 14
A15: Vakra (zigzag note order in written scale) | B15: =COUNTIF('Top 100 Ragas'!$M$2:$M$101,"Yes") -> 33
A16: Band A - Very common | B16: =COUNTIF('Top 100 Ragas'!$N$2:$N$101,"A - Very common") -> 38
A17: Band B - Common | B17: =COUNTIF('Top 100 Ragas'!$N$2:$N$101,"B - Common") -> 39
A18: Band C - Less common | B18: =COUNTIF('Top 100 Ragas'!$N$2:$N$101,"C - Less common") -> 23
A19: Confidence = Check (needs expert review) | B19: =COUNTIF('Top 100 Ragas'!$P$2:$P$101,"Check") -> 30
A22: Legend
A23: Sampoorna | B23: All 7 swaras (S R G M P D N) in that direction.
A24: Shadava | B24: 6 swaras in that direction (one swara omitted).
A25: Audava | B25: 5 swaras - the pentatonic ragas.
A26: Svarantara | B26: 4 swaras (none in this list).
A27: Raga class | B27: Arohanam class - Avarohanam class, e.g. "Audava - Sampoorna" = 5 notes up, 7 notes down.
A28: Vakra | B28: The written scale zigzags (a note is repeated or the order reverses) in the ascent or descent.
A29: Counting rule | B29: Swaras are counted by letter (R, G, M, P, D, N plus Sa), so M1 and M2 together count once. Anya swaras do not add a new swara unless the letter is new.

Sheet Notes
A1: How this list was made
A2: 1. Your sheet has 170 ragas but no usage-frequency data, so "most used" is a judgment call: your Pilot tier column plus how often each raga appears in the concert repertoire. Rank is approximate within each usage band.
A3: 2. Melakartas: scales come straight from your sheet. Janyas: scales come from your sheet where filled, otherwise from Wikipedia's List of Janya ragas (or the raga's own article). See the "Scale source" column.
A4: 3. Swara counts and the class columns are formulas that read the Arohanam / Avarohanam text, so if you correct a scale the class updates. The Vakra flag is a fixed value worked out from the scale as written here.
A5: 4. Rows marked "Check" in the Confidence column have conflicting sources or a parent mapping that differs from your sheet. Per your golden rule 4, every row still needs the expert to review it before it is used as ground truth.
A7: Differences found against your sheet
A8: - Dhanyasi: your avarohanam omits D1; Wikipedia includes it (changes the class from Audava-Shadava to Audava-Sampoorna).
A9: - Revagupti: your scale (S R1 M1 P D1 S') differs from Wikipedia's list (which has G3 instead of M1).
A10: - Saveri: your descent has N2; some sources give N3. Class is unaffected.
A11: - Parent mapping differs from your sheet for: Brindavana Saranga, Karnataka Behag, Salagabhairavi, Jayamanohari, Kannadagowla, Devamanohari, Vasantabhairavi, Valaji, Sindhu Ramakriya, Gurjari, Kokiladhwani, Narayanagowla (see each row's notes).
A13: Notation: R1/R2/R3, G1/G2/G3, D1/D2/D3, N1/N2/N3, M1/M2; S' = upper Sa. Ragas that are nishadantya (Punnagavarali, Nadanamakriya) are written N to N in one octave.
